,rooms,prices_list,stars_list,number_of_reviews_list,url,occupancy,beds,bath
1,1.0,189.0,5.0,48,https://www.airbnb.com/rooms/701552765468806726?adults=1&children=0&enable_m3_private_room=false&infants=0&pets=0&check_in=2023-06-25&check_out=2023-06-30&previous_page_section_name=1000&federated_search_id=d99f0bf1-7a31-4342-95e7-4c13032bd6c9,4,4,4
2,1.0,85.0,4.94,311,https://www.airbnb.com/rooms/47803025?adults=1&children=0&enable_m3_private_room=false&infants=0&pets=0&check_in=2023-04-30&check_out=2023-05-05&previous_page_section_name=1000&federated_search_id=d99f0bf1-7a31-4342-95e7-4c13032bd6c9,2,2,2
3,1.0,159.0,5.0,6,https://www.airbnb.com/rooms/775256497077449413?adults=1&children=0&enable_m3_private_room=false&infants=0&pets=0&check_in=2023-05-07&check_out=2023-05-12&previous_page_section_name=1000&federated_search_id=d99f0bf1-7a31-4342-95e7-4c13032bd6c9,2,2,2
4,1.0,276.0,4.93,333,https://www.airbnb.com/rooms/43650708?adults=1&children=0&enable_m3_private_room=false&infants=0&pets=0&check_in=2023-07-09&check_out=2023-07-14&previous_page_section_name=1000&federated_search_id=d99f0bf1-7a31-4342-95e7-4c13032bd6c9,2,2,2
5,1.0,98.0,4.94,36,https://www.airbnb.com/rooms/712108937578413358?adults=1&children=0&enable_m3_private_room=false&infants=0&pets=0&check_in=2023-04-23&check_out=2023-04-28&previous_page_section_name=1000&federated_search_id=d99f0bf1-7a31-4342-95e7-4c13032bd6c9,2,2,2
6,1.0,154.0,5.0,294,https://www.airbnb.com/rooms/47844691?adults=1&children=0&enable_m3_private_room=false&infants=0&pets=0&check_in=2023-05-07&check_out=2023-05-12&previous_page_section_name=1000&federated_search_id=d99f0bf1-7a31-4342-95e7-4c13032bd6c9,4,4,4
7,,102.0,5.0,9,https://www.airbnb.com/rooms/822368580025970663?adults=1&children=0&enable_m3_private_room=false&infants=0&pets=0&check_in=2023-04-23&check_out=2023-04-28&previous_page_section_name=1000&federated_search_id=d99f0bf1-7a31-4342-95e7-4c13032bd6c9,4,4,4
8,1.0,125.0,4.98,343,https://www.airbnb.com/rooms/43456392?adults=1&children=0&enable_m3_private_room=false&infants=0&pets=0&check_in=2023-04-23&check_out=2023-04-28&previous_page_section_name=1000&federated_search_id=d99f0bf1-7a31-4342-95e7-4c13032bd6c9,2,2,2
9,1.0,113.0,4.91,175,https://www.airbnb.com/rooms/43883923?adults=1&children=0&enable_m3_private_room=false&infants=0&pets=0&check_in=2023-04-17&check_out=2023-04-22&previous_page_section_name=1000&federated_search_id=d99f0bf1-7a31-4342-95e7-4c13032bd6c9,3,3,3
10,1.0,99.0,4.79,208,https://www.airbnb.com/rooms/35618984?adults=1&children=0&enable_m3_private_room=false&infants=0&pets=0&check_in=2023-04-16&check_out=2023-04-21&previous_page_section_name=1000&federated_search_id=d99f0bf1-7a31-4342-95e7-4c13032bd6c9,4,4,4
11,1.0,109.0,5.0,19,https://www.airbnb.com/rooms/710932333868722043?adults=1&children=0&enable_m3_private_room=false&infants=0&pets=0&check_in=2023-04-30&check_out=2023-05-05&previous_page_section_name=1000&federated_search_id=d99f0bf1-7a31-4342-95e7-4c13032bd6c9,2,2,2
12,1.0,110.0,4.77,64,https://www.airbnb.com/rooms/680979064426808576?adults=1&children=0&enable_m3_private_room=false&infants=0&pets=0&check_in=2023-07-03&check_out=2023-07-08&previous_page_section_name=1000&federated_search_id=d99f0bf1-7a31-4342-95e7-4c13032bd6c9,2,2,2
13,2.0,163.0,4.96,576,https://www.airbnb.com/rooms/15312677?adults=1&children=0&enable_m3_private_room=false&infants=0&pets=0&check_in=2023-09-09&check_out=2023-09-14&previous_page_section_name=1000&federated_search_id=d99f0bf1-7a31-4342-95e7-4c13032bd6c9,6,6,6
14,1.0,125.0,4.9,1007,https://www.airbnb.com/rooms/9728645?adults=1&children=0&enable_m3_private_room=false&infants=0&pets=0&check_in=2023-05-21&check_out=2023-05-26&previous_page_section_name=1000&federated_search_id=d99f0bf1-7a31-4342-95e7-4c13032bd6c9,4,4,4
15,1.0,110.0,5.0,7,https://www.airbnb.com/rooms/826842453389262344?adults=1&children=0&enable_m3_private_room=false&infants=0&pets=0&check_in=2023-05-20&check_out=2023-05-25&previous_page_section_name=1000&federated_search_id=d99f0bf1-7a31-4342-95e7-4c13032bd6c9,4,4,4
16,1.0,161.0,4.99,67,https://www.airbnb.com/rooms/48166183?adults=1&children=0&enable_m3_private_room=false&infants=0&pets=0&check_in=2023-04-30&check_out=2023-05-05&previous_page_section_name=1000&federated_search_id=d99f0bf1-7a31-4342-95e7-4c13032bd6c9,2,2,2
17,1.0,90.0,4.91,81,https://www.airbnb.com/rooms/627304887810949333?adults=1&children=0&enable_m3_private_room=false&infants=0&pets=0&check_in=2023-04-25&check_out=2023-04-30&previous_page_section_name=1000&federated_search_id=d99f0bf1-7a31-4342-95e7-4c13032bd6c9,4,4,4
18,1.0,125.0,4.99,108,https://www.airbnb.com/rooms/52172821?adults=1&children=0&enable_m3_private_room=false&infants=0&pets=0&check_in=2023-04-23&check_out=2023-04-28&previous_page_section_name=1000&federated_search_id=16ad677f-2d93-425e-a233-b5dc859ce163,2,2,2
19,1.0,115.0,4.91,619,https://www.airbnb.com/rooms/4022760?adults=1&children=0&enable_m3_private_room=false&infants=0&pets=0&check_in=2023-04-30&check_out=2023-05-05&previous_page_section_name=1000&federated_search_id=16ad677f-2d93-425e-a233-b5dc859ce163,4,4,4
20,1.0,133.0,4.92,37,https://www.airbnb.com/rooms/698493959470523238?adults=1&children=0&enable_m3_private_room=false&infants=0&pets=0&check_in=2023-04-23&check_out=2023-04-28&previous_page_section_name=1000&federated_search_id=16ad677f-2d93-425e-a233-b5dc859ce163,4,4,4
21,1.0,160.0,4.89,258,https://www.airbnb.com/rooms/45596498?adults=1&children=0&enable_m3_private_room=false&infants=0&pets=0&check_in=2023-04-16&check_out=2023-04-22&previous_page_section_name=1000&federated_search_id=16ad677f-2d93-425e-a233-b5dc859ce163,4,4,4
22,1.0,89.0,4.98,344,https://www.airbnb.com/rooms/33015710?adults=1&children=0&enable_m3_private_room=false&infants=0&pets=0&check_in=2023-04-16&check_out=2023-04-21&previous_page_section_name=1000&federated_search_id=16ad677f-2d93-425e-a233-b5dc859ce163,2,2,2
23,2.0,205.0,5.0,3,https://www.airbnb.com/rooms/632421488855456294?adults=1&children=0&enable_m3_private_room=false&infants=0&pets=0&check_in=2023-04-23&check_out=2023-04-28&previous_page_section_name=1000&federated_search_id=16ad677f-2d93-425e-a233-b5dc859ce163,5,5,5
24,2.0,89.0,5.0,78,https://www.airbnb.com/rooms/52298169?adults=1&children=0&enable_m3_private_room=false&infants=0&pets=0&check_in=2023-04-30&check_out=2023-05-05&previous_page_section_name=1000&federated_search_id=16ad677f-2d93-425e-a233-b5dc859ce163,4,4,4
25,1.0,75.0,4.93,318,https://www.airbnb.com/rooms/44075765?adults=1&children=0&enable_m3_private_room=false&infants=0&pets=0&check_in=2023-04-29&check_out=2023-05-04&previous_page_section_name=1000&federated_search_id=16ad677f-2d93-425e-a233-b5dc859ce163,2,2,2
26,2.0,143.0,5.0,3,https://www.airbnb.com/rooms/862497660379713294?adults=1&children=0&enable_m3_private_room=false&infants=0&pets=0&check_in=2023-04-16&check_out=2023-04-21&previous_page_section_name=1000&federated_search_id=16ad677f-2d93-425e-a233-b5dc859ce163,8,8,8
27,2.0,86.0,5.0,32,https://www.airbnb.com/rooms/647965814255817368?adults=1&children=0&enable_m3_private_room=false&infants=0&pets=0&check_in=2023-04-12&check_out=2023-04-17&previous_page_section_name=1000&federated_search_id=16ad677f-2d93-425e-a233-b5dc859ce163,4,4,4
28,2.0,70.0,4.96,272,https://www.airbnb.com/rooms/46711194?adults=1&children=0&enable_m3_private_room=false&infants=0&pets=0&check_in=2023-06-25&check_out=2023-06-30&previous_page_section_name=1000&federated_search_id=16ad677f-2d93-425e-a233-b5dc859ce163,4,4,4
29,1.0,125.0,4.93,104,https://www.airbnb.com/rooms/53373286?adults=1&children=0&enable_m3_private_room=false&infants=0&pets=0&check_in=2023-04-30&check_out=2023-05-05&previous_page_section_name=1000&federated_search_id=16ad677f-2d93-425e-a233-b5dc859ce163,2,2,2
30,1.0,131.0,4.83,534,https://www.airbnb.com/rooms/12148992?adults=1&children=0&enable_m3_private_room=false&infants=0&pets=0&check_in=2023-04-16&check_out=2023-04-21&previous_page_section_name=1000&federated_search_id=16ad677f-2d93-425e-a233-b5dc859ce163,3,3,3
31,1.0,89.0,4.82,552,https://www.airbnb.com/rooms/9679245?adults=1&children=0&enable_m3_private_room=false&infants=0&pets=0&check_in=2023-05-14&check_out=2023-05-19&previous_page_section_name=1000&federated_search_id=16ad677f-2d93-425e-a233-b5dc859ce163,4,4,4
32,1.0,85.0,4.32,37,https://www.airbnb.com/rooms/622356910382912721?adults=1&children=0&enable_m3_private_room=false&infants=0&pets=0&check_in=2023-04-23&check_out=2023-04-28&previous_page_section_name=1000&federated_search_id=16ad677f-2d93-425e-a233-b5dc859ce163,2,2,2
33,1.0,126.0,4.96,134,https://www.airbnb.com/rooms/48308798?adults=1&children=0&enable_m3_private_room=false&infants=0&pets=0&check_in=2023-05-01&check_out=2023-05-06&previous_page_section_name=1000&federated_search_id=16ad677f-2d93-425e-a233-b5dc859ce163,4,4,4
35,,75.0,4.9,1211,https://www.airbnb.com/rooms/7825352?adults=1&children=0&enable_m3_private_room=false&infants=0&pets=0&check_in=2023-04-22&check_out=2023-04-27&previous_page_section_name=1000&federated_search_id=16ad677f-2d93-425e-a233-b5dc859ce163,4,4,4
36,1.0,130.0,5.0,22,https://www.airbnb.com/rooms/639214411022161241?adults=1&children=0&enable_m3_private_room=false&infants=0&pets=0&check_in=2023-04-16&check_out=2023-04-21&previous_page_section_name=1000&federated_search_id=d2da0bad-2ff0-4330-996c-2254e4330ac6,3,3,3
37,1.0,76.0,4.64,11,https://www.airbnb.com/rooms/49169662?adults=1&children=0&enable_m3_private_room=false&infants=0&pets=0&check_in=2023-04-16&check_out=2023-04-21&previous_page_section_name=1000&federated_search_id=d2da0bad-2ff0-4330-996c-2254e4330ac6,3,3,3
38,1.0,84.0,4.86,226,https://www.airbnb.com/rooms/9255757?adults=1&children=0&enable_m3_private_room=false&infants=0&pets=0&check_in=2023-04-13&check_out=2023-04-20&previous_page_section_name=1000&federated_search_id=d2da0bad-2ff0-4330-996c-2254e4330ac6,8,8,8
40,3.0,120.0,4.83,92,https://www.airbnb.com/rooms/1777474?adults=1&children=0&enable_m3_private_room=false&infants=0&pets=0&check_in=2023-04-16&check_out=2023-04-21&previous_page_section_name=1000&federated_search_id=d2da0bad-2ff0-4330-996c-2254e4330ac6,8,8,8
41,1.0,86.0,4.8,392,https://www.airbnb.com/rooms/14690762?adults=1&children=0&enable_m3_private_room=false&infants=0&pets=0&check_in=2023-04-23&check_out=2023-04-28&previous_page_section_name=1000&federated_search_id=d2da0bad-2ff0-4330-996c-2254e4330ac6,4,4,4
42,1.0,107.0,4.96,146,https://www.airbnb.com/rooms/48301981?adults=1&children=0&enable_m3_private_room=false&infants=0&pets=0&check_in=2023-04-16&check_out=2023-04-21&previous_page_section_name=1000&federated_search_id=d2da0bad-2ff0-4330-996c-2254e4330ac6,4,4,4
44,1.0,203.0,5.0,9,https://www.airbnb.com/rooms/787637662801998694?adults=1&children=0&enable_m3_private_room=false&infants=0&pets=0&check_in=2023-05-10&check_out=2023-05-16&previous_page_section_name=1000&federated_search_id=d2da0bad-2ff0-4330-996c-2254e4330ac6,4,4,4
45,1.0,145.0,4.98,883,https://www.airbnb.com/rooms/16067918?adults=1&children=0&enable_m3_private_room=false&infants=0&pets=0&check_in=2023-11-12&check_out=2023-11-17&previous_page_section_name=1000&federated_search_id=d2da0bad-2ff0-4330-996c-2254e4330ac6,2,2,2
46,3.0,195.0,4.92,12,https://www.airbnb.com/rooms/792009605838380017?adults=1&children=0&enable_m3_private_room=false&infants=0&pets=0&check_in=2023-04-16&check_out=2023-04-22&previous_page_section_name=1000&federated_search_id=d2da0bad-2ff0-4330-996c-2254e4330ac6,8,8,8
47,1.0,96.0,5.0,21,https://www.airbnb.com/rooms/33784389?adults=1&children=0&enable_m3_private_room=false&infants=0&pets=0&check_in=2023-04-17&check_out=2023-04-22&previous_page_section_name=1000&federated_search_id=d2da0bad-2ff0-4330-996c-2254e4330ac6,2,2,2
48,,185.0,4.9,31,https://www.airbnb.com/rooms/566729567209427445?adults=1&children=0&enable_m3_private_room=false&infants=0&pets=0&check_in=2023-10-08&check_out=2023-10-13&previous_page_section_name=1000&federated_search_id=d2da0bad-2ff0-4330-996c-2254e4330ac6,4,4,4
49,1.0,77.0,4.96,179,https://www.airbnb.com/rooms/46174805?adults=1&children=0&enable_m3_private_room=false&infants=0&pets=0&check_in=2023-04-16&check_out=2023-04-21&previous_page_section_name=1000&federated_search_id=d2da0bad-2ff0-4330-996c-2254e4330ac6,2,2,2
50,1.0,71.0,4.88,42,https://www.airbnb.com/rooms/53601348?adults=1&children=0&enable_m3_private_room=false&infants=0&pets=0&check_in=2023-04-16&check_out=2023-04-21&previous_page_section_name=1000&federated_search_id=d2da0bad-2ff0-4330-996c-2254e4330ac6,2,2,2
51,,219.0,4.98,190,https://www.airbnb.com/rooms/20725275?adults=1&children=0&enable_m3_private_room=false&infants=0&pets=0&check_in=2023-05-07&check_out=2023-05-12&previous_page_section_name=1000&federated_search_id=d2da0bad-2ff0-4330-996c-2254e4330ac6,2,2,2
52,,125.0,4.91,798,https://www.airbnb.com/rooms/20425288?adults=1&children=0&enable_m3_private_room=false&infants=0&pets=0&check_in=2023-04-23&check_out=2023-04-28&previous_page_section_name=1000&federated_search_id=d2da0bad-2ff0-4330-996c-2254e4330ac6,2,2,2
53,1.0,125.0,5.0,111,https://www.airbnb.com/rooms/20267642?adults=1&children=0&enable_m3_private_room=false&infants=0&pets=0&check_in=2023-04-16&check_out=2023-04-21&previous_page_section_name=1000&federated_search_id=d2da0bad-2ff0-4330-996c-2254e4330ac6,2,2,2
54,1.0,96.0,5.0,21,https://www.airbnb.com/rooms/33784389?adults=1&children=0&enable_m3_private_room=false&infants=0&pets=0&check_in=2023-04-17&check_out=2023-04-22&previous_page_section_name=1000&federated_search_id=fd9a38ed-35d4-4529-a87a-7eda5ee34b3e,2,2,2
55,,185.0,4.9,31,https://www.airbnb.com/rooms/566729567209427445?adults=1&children=0&enable_m3_private_room=false&infants=0&pets=0&check_in=2023-10-08&check_out=2023-10-13&previous_page_section_name=1000&federated_search_id=fd9a38ed-35d4-4529-a87a-7eda5ee34b3e,4,4,4
56,2.0,135.0,4.91,659,https://www.airbnb.com/rooms/18624923?adults=1&children=0&enable_m3_private_room=false&infants=0&pets=0&check_in=2023-05-14&check_out=2023-05-19&previous_page_section_name=1000&federated_search_id=fd9a38ed-35d4-4529-a87a-7eda5ee34b3e,5,5,5
58,1.0,77.0,4.96,179,https://www.airbnb.com/rooms/46174805?adults=1&children=0&enable_m3_private_room=false&infants=0&pets=0&check_in=2023-04-16&check_out=2023-04-21&previous_page_section_name=1000&federated_search_id=fd9a38ed-35d4-4529-a87a-7eda5ee34b3e,2,2,2
59,1.0,71.0,4.88,42,https://www.airbnb.com/rooms/53601348?adults=1&children=0&enable_m3_private_room=false&infants=0&pets=0&check_in=2023-04-16&check_out=2023-04-21&previous_page_section_name=1000&federated_search_id=fd9a38ed-35d4-4529-a87a-7eda5ee34b3e,2,2,2
60,,219.0,4.98,190,https://www.airbnb.com/rooms/20725275?adults=1&children=0&enable_m3_private_room=false&infants=0&pets=0&check_in=2023-05-07&check_out=2023-05-12&previous_page_section_name=1000&federated_search_id=fd9a38ed-35d4-4529-a87a-7eda5ee34b3e,2,2,2
61,,125.0,4.91,798,https://www.airbnb.com/rooms/20425288?adults=1&children=0&enable_m3_private_room=false&infants=0&pets=0&check_in=2023-04-23&check_out=2023-04-28&previous_page_section_name=1000&federated_search_id=fd9a38ed-35d4-4529-a87a-7eda5ee34b3e,2,2,2
62,1.0,125.0,5.0,111,https://www.airbnb.com/rooms/20267642?adults=1&children=0&enable_m3_private_room=false&infants=0&pets=0&check_in=2023-04-16&check_out=2023-04-21&previous_page_section_name=1000&federated_search_id=fd9a38ed-35d4-4529-a87a-7eda5ee34b3e,2,2,2
63,1.0,85.0,4.97,182,https://www.airbnb.com/rooms/50900083?adults=1&children=0&enable_m3_private_room=false&infants=0&pets=0&check_in=2023-04-30&check_out=2023-05-05&previous_page_section_name=1000&federated_search_id=fd9a38ed-35d4-4529-a87a-7eda5ee34b3e,2,2,2
64,1.0,68.0,4.98,87,https://www.airbnb.com/rooms/51560374?adults=1&children=0&enable_m3_private_room=false&infants=0&pets=0&check_in=2023-04-15&check_out=2023-04-20&previous_page_section_name=1000&federated_search_id=fd9a38ed-35d4-4529-a87a-7eda5ee34b3e,3,3,3
65,3.0,120.0,4.89,44,https://www.airbnb.com/rooms/643702395957919841?adults=1&children=0&enable_m3_private_room=false&infants=0&pets=0&check_in=2023-04-16&check_out=2023-04-21&previous_page_section_name=1000&federated_search_id=fd9a38ed-35d4-4529-a87a-7eda5ee34b3e,6,6,6
66,1.0,158.0,4.9,271,https://www.airbnb.com/rooms/43230135?adults=1&children=0&enable_m3_private_room=false&infants=0&pets=0&check_in=2023-04-16&check_out=2023-04-22&previous_page_section_name=1000&federated_search_id=fd9a38ed-35d4-4529-a87a-7eda5ee34b3e,4,4,4
67,1.0,94.0,4.97,410,https://www.airbnb.com/rooms/32127592?adults=1&children=0&enable_m3_private_room=false&infants=0&pets=0&check_in=2023-07-02&check_out=2023-07-07&previous_page_section_name=1000&federated_search_id=fd9a38ed-35d4-4529-a87a-7eda5ee34b3e,3,3,3
68,1.0,88.0,4.97,307,https://www.airbnb.com/rooms/35703852?adults=1&children=0&enable_m3_private_room=false&infants=0&pets=0&check_in=2023-04-16&check_out=2023-04-21&previous_page_section_name=1000&federated_search_id=fd9a38ed-35d4-4529-a87a-7eda5ee34b3e,2,2,2
69,1.0,156.0,4.93,82,https://www.airbnb.com/rooms/644195800852389881?adults=1&children=0&enable_m3_private_room=false&infants=0&pets=0&check_in=2023-04-16&check_out=2023-04-21&previous_page_section_name=1000&federated_search_id=fd9a38ed-35d4-4529-a87a-7eda5ee34b3e,2,2,2
70,3.0,233.0,4.84,32,https://www.airbnb.com/rooms/712054024920692420?adults=1&children=0&enable_m3_private_room=false&infants=0&pets=0&check_in=2023-04-23&check_out=2023-04-29&previous_page_section_name=1000&federated_search_id=fd9a38ed-35d4-4529-a87a-7eda5ee34b3e,11,11,11
72,1.0,115.0,4.94,85,https://www.airbnb.com/rooms/581964708085371109?adults=1&children=0&enable_m3_private_room=false&infants=0&pets=0&check_in=2023-04-23&check_out=2023-04-28&previous_page_section_name=1000&federated_search_id=d3f345e9-1568-49ba-843b-311b1c448017,4,4,4
73,1.0,64.0,4.95,197,https://www.airbnb.com/rooms/7112472?adults=1&children=0&enable_m3_private_room=false&infants=0&pets=0&check_in=2023-05-07&check_out=2023-05-13&previous_page_section_name=1000&federated_search_id=d3f345e9-1568-49ba-843b-311b1c448017,2,2,2
75,1.0,84.0,4.97,208,https://www.airbnb.com/rooms/11360182?adults=1&children=0&enable_m3_private_room=false&infants=0&pets=0&check_in=2023-04-29&check_out=2023-05-05&previous_page_section_name=1000&federated_search_id=d3f345e9-1568-49ba-843b-311b1c448017,3,3,3
76,2.0,135.0,4.88,8,https://www.airbnb.com/rooms/794419784651677365?adults=1&children=0&enable_m3_private_room=false&infants=0&pets=0&check_in=2023-04-16&check_out=2023-04-21&previous_page_section_name=1000&federated_search_id=d3f345e9-1568-49ba-843b-311b1c448017,4,4,4
77,1.0,72.0,4.99,237,https://www.airbnb.com/rooms/39131645?adults=1&children=0&enable_m3_private_room=false&infants=0&pets=0&check_in=2023-09-23&check_out=2023-09-28&previous_page_section_name=1000&federated_search_id=d3f345e9-1568-49ba-843b-311b1c448017,2,2,2
78,,61.0,4.95,167,https://www.airbnb.com/rooms/43518137?adults=1&children=0&enable_m3_private_room=false&infants=0&pets=0&check_in=2023-05-01&check_out=2023-05-07&previous_page_section_name=1000&federated_search_id=d3f345e9-1568-49ba-843b-311b1c448017,2,2,2
79,1.0,131.0,4.94,88,https://www.airbnb.com/rooms/47583975?adults=1&children=0&enable_m3_private_room=false&infants=0&pets=0&check_in=2023-04-17&check_out=2023-04-24&previous_page_section_name=1000&federated_search_id=d3f345e9-1568-49ba-843b-311b1c448017,6,6,6
80,2.0,194.0,4.99,92,https://www.airbnb.com/rooms/49464658?adults=1&children=0&enable_m3_private_room=false&infants=0&pets=0&check_in=2023-05-01&check_out=2023-05-06&previous_page_section_name=1000&federated_search_id=d3f345e9-1568-49ba-843b-311b1c448017,6,6,6
81,1.0,202.0,4.96,354,https://www.airbnb.com/rooms/35484995?adults=1&children=0&enable_m3_private_room=false&infants=0&pets=0&check_in=2023-06-04&check_out=2023-06-09&previous_page_section_name=1000&federated_search_id=d3f345e9-1568-49ba-843b-311b1c448017,2,2,2
82,1.0,141.0,4.91,45,https://www.airbnb.com/rooms/695187672368877504?adults=1&children=0&enable_m3_private_room=false&infants=0&pets=0&check_in=2023-04-30&check_out=2023-05-05&previous_page_section_name=1000&federated_search_id=d3f345e9-1568-49ba-843b-311b1c448017,2,2,2
83,2.0,140.0,4.97,342,https://www.airbnb.com/rooms/1720106?adults=1&children=0&enable_m3_private_room=false&infants=0&pets=0&check_in=2023-05-07&check_out=2023-05-12&previous_page_section_name=1000&federated_search_id=d3f345e9-1568-49ba-843b-311b1c448017,4,4,4
84,3.0,150.0,5.0,9,https://www.airbnb.com/rooms/815255114155346454?adults=1&children=0&enable_m3_private_room=false&infants=0&pets=0&check_in=2023-07-05&check_out=2023-07-10&previous_page_section_name=1000&federated_search_id=d3f345e9-1568-49ba-843b-311b1c448017,8,8,8
85,1.0,369.0,4.96,94,https://www.airbnb.com/rooms/689034491215725661?adults=1&children=0&enable_m3_private_room=false&infants=0&pets=0&check_in=2023-04-15&check_out=2023-04-20&previous_page_section_name=1000&federated_search_id=d3f345e9-1568-49ba-843b-311b1c448017,2,2,2
87,3.0,120.0,4.99,214,https://www.airbnb.com/rooms/25403964?adults=1&children=0&enable_m3_private_room=false&infants=0&pets=0&check_in=2023-05-24&check_out=2023-05-29&previous_page_section_name=1000&federated_search_id=d3f345e9-1568-49ba-843b-311b1c448017,6,6,6
88,2.0,139.0,5.0,57,https://www.airbnb.com/rooms/608368357011689132?adults=1&children=0&enable_m3_private_room=false&infants=0&pets=0&check_in=2023-04-30&check_out=2023-05-05&previous_page_section_name=1000&federated_search_id=d3f345e9-1568-49ba-843b-311b1c448017,4,4,4
89,1.0,127.0,5.0,39,https://www.airbnb.com/rooms/609192689953013271?adults=1&children=0&enable_m3_private_room=false&infants=0&pets=0&check_in=2023-04-29&check_out=2023-05-06&previous_page_section_name=1000&federated_search_id=d3f345e9-1568-49ba-843b-311b1c448017,4,4,4
90,1.0,56.0,4.5,18,https://www.airbnb.com/rooms/797025689041792901?adults=1&children=0&enable_m3_private_room=false&infants=0&pets=0&check_in=2023-04-30&check_out=2023-05-05&previous_page_section_name=1000&federated_search_id=576c297e-c3c9-4c19-b57c-dbb3b5e1f290,3,3,3
91,,46.0,4.92,232,https://www.airbnb.com/rooms/50216525?adults=1&children=0&enable_m3_private_room=false&infants=0&pets=0&check_in=2023-04-16&check_out=2023-04-21&previous_page_section_name=1000&federated_search_id=576c297e-c3c9-4c19-b57c-dbb3b5e1f290,6,6,6
93,1.0,78.0,4.96,394,https://www.airbnb.com/rooms/27368321?adults=1&children=0&enable_m3_private_room=false&infants=0&pets=0&check_in=2023-05-05&check_out=2023-05-10&previous_page_section_name=1000&federated_search_id=576c297e-c3c9-4c19-b57c-dbb3b5e1f290,3,3,3
94,3.0,120.0,4.99,214,https://www.airbnb.com/rooms/25403964?adults=1&children=0&enable_m3_private_room=false&infants=0&pets=0&check_in=2023-05-24&check_out=2023-05-29&previous_page_section_name=1000&federated_search_id=576c297e-c3c9-4c19-b57c-dbb3b5e1f290,6,6,6
95,2.0,139.0,5.0,57,https://www.airbnb.com/rooms/608368357011689132?adults=1&children=0&enable_m3_private_room=false&infants=0&pets=0&check_in=2023-04-30&check_out=2023-05-05&previous_page_section_name=1000&federated_search_id=576c297e-c3c9-4c19-b57c-dbb3b5e1f290,4,4,4
96,2.0,130.0,4.94,164,https://www.airbnb.com/rooms/39157214?adults=1&children=0&enable_m3_private_room=false&infants=0&pets=0&check_in=2023-04-23&check_out=2023-04-28&previous_page_section_name=1000&federated_search_id=576c297e-c3c9-4c19-b57c-dbb3b5e1f290,4,4,4
98,1.0,283.0,5.0,35,https://www.airbnb.com/rooms/53179148?adults=1&children=0&enable_m3_private_room=false&infants=0&pets=0&check_in=2023-08-07&check_out=2023-08-12&previous_page_section_name=1000&federated_search_id=576c297e-c3c9-4c19-b57c-dbb3b5e1f290,2,2,2
100,1.0,150.0,4.99,94,https://www.airbnb.com/rooms/619482691910805591?adults=1&children=0&enable_m3_private_room=false&infants=0&pets=0&check_in=2023-04-23&check_out=2023-04-29&previous_page_section_name=1000&federated_search_id=576c297e-c3c9-4c19-b57c-dbb3b5e1f290,2,2,2
101,1.0,101.0,4.78,93,https://www.airbnb.com/rooms/51575137?adults=1&children=0&enable_m3_private_room=false&infants=0&pets=0&check_in=2023-04-23&check_out=2023-04-28&previous_page_section_name=1000&federated_search_id=576c297e-c3c9-4c19-b57c-dbb3b5e1f290,4,4,4
103,2.0,120.0,4.81,42,https://www.airbnb.com/rooms/560941466317994875?adults=1&children=0&enable_m3_private_room=false&infants=0&pets=0&check_in=2023-04-16&check_out=2023-04-21&previous_page_section_name=1000&federated_search_id=576c297e-c3c9-4c19-b57c-dbb3b5e1f290,8,8,8
105,3.0,175.0,4.9,40,https://www.airbnb.com/rooms/667240839529992300?adults=1&children=0&enable_m3_private_room=false&infants=0&pets=0&check_in=2023-04-16&check_out=2023-04-21&previous_page_section_name=1000&federated_search_id=576c297e-c3c9-4c19-b57c-dbb3b5e1f290,6,6,6
106,1.0,290.0,4.93,71,https://www.airbnb.com/rooms/694758889616191353?adults=1&children=0&enable_m3_private_room=false&infants=0&pets=0&check_in=2023-04-15&check_out=2023-04-20&previous_page_section_name=1000&federated_search_id=576c297e-c3c9-4c19-b57c-dbb3b5e1f290,2,2,2
108,2.0,130.0,4.94,164,https://www.airbnb.com/rooms/39157214?adults=1&children=0&enable_m3_private_room=false&infants=0&pets=0&check_in=2023-04-23&check_out=2023-04-28&previous_page_section_name=1000&federated_search_id=1466ee84-2335-4fdf-9cb3-ffc6ae721a79,4,4,4
110,1.0,139.0,4.76,94,https://www.airbnb.com/rooms/47002350?adults=1&children=0&enable_m3_private_room=false&infants=0&pets=0&check_in=2023-04-30&check_out=2023-05-05&previous_page_section_name=1000&federated_search_id=1466ee84-2335-4fdf-9cb3-ffc6ae721a79,2,2,2
111,2.0,225.0,4.99,292,https://www.airbnb.com/rooms/6883053?adults=1&children=0&enable_m3_private_room=false&infants=0&pets=0&check_in=2023-04-16&check_out=2023-04-21&previous_page_section_name=1000&federated_search_id=1466ee84-2335-4fdf-9cb3-ffc6ae721a79,6,6,6
113,1.0,92.0,4.86,407,https://www.airbnb.com/rooms/24935703?adults=1&children=0&enable_m3_private_room=false&infants=0&pets=0&check_in=2023-08-27&check_out=2023-09-01&previous_page_section_name=1000&federated_search_id=1466ee84-2335-4fdf-9cb3-ffc6ae721a79,4,4,4
114,1.0,150.0,4.99,94,https://www.airbnb.com/rooms/619482691910805591?adults=1&children=0&enable_m3_private_room=false&infants=0&pets=0&check_in=2023-04-23&check_out=2023-04-29&previous_page_section_name=1000&federated_search_id=1466ee84-2335-4fdf-9cb3-ffc6ae721a79,2,2,2
115,1.0,79.0,4.96,54,https://www.airbnb.com/rooms/679578189362100075?adults=1&children=0&enable_m3_private_room=false&infants=0&pets=0&check_in=2023-04-23&check_out=2023-04-28&previous_page_section_name=1000&federated_search_id=1466ee84-2335-4fdf-9cb3-ffc6ae721a79,2,2,2
116,1.0,159.0,4.92,85,https://www.airbnb.com/rooms/46172349?adults=1&children=0&enable_m3_private_room=false&infants=0&pets=0&check_in=2023-04-17&check_out=2023-04-22&previous_page_section_name=1000&federated_search_id=1466ee84-2335-4fdf-9cb3-ffc6ae721a79,6,6,6
117,3.0,175.0,4.9,40,https://www.airbnb.com/rooms/667240839529992300?adults=1&children=0&enable_m3_private_room=false&infants=0&pets=0&check_in=2023-04-16&check_out=2023-04-21&previous_page_section_name=1000&federated_search_id=1466ee84-2335-4fdf-9cb3-ffc6ae721a79,6,6,6
119,2.0,172.0,4.87,235,https://www.airbnb.com/rooms/16109220?adults=1&children=0&enable_m3_private_room=false&infants=0&pets=0&check_in=2023-04-30&check_out=2023-05-05&previous_page_section_name=1000&federated_search_id=1466ee84-2335-4fdf-9cb3-ffc6ae721a79,4,4,4
121,1.0,100.0,4.88,458,https://www.airbnb.com/rooms/34543675?adults=1&children=0&enable_m3_private_room=false&infants=0&pets=0&check_in=2023-04-16&check_out=2023-04-21&previous_page_section_name=1000&federated_search_id=1466ee84-2335-4fdf-9cb3-ffc6ae721a79,2,2,2
122,2.0,119.0,4.92,51,https://www.airbnb.com/rooms/53931212?adults=1&children=0&enable_m3_private_room=false&infants=0&pets=0&check_in=2023-04-23&check_out=2023-04-28&previous_page_section_name=1000&federated_search_id=1466ee84-2335-4fdf-9cb3-ffc6ae721a79,4,4,4
123,,110.0,4.9,969,https://www.airbnb.com/rooms/7581778?adults=1&children=0&enable_m3_private_room=false&infants=0&pets=0&check_in=2023-04-15&check_out=2023-04-20&previous_page_section_name=1000&federated_search_id=1466ee84-2335-4fdf-9cb3-ffc6ae721a79,2,2,2
127,2.0,145.0,4.86,131,https://www.airbnb.com/rooms/20307748?adults=1&children=0&enable_m3_private_room=false&infants=0&pets=0&check_in=2023-05-21&check_out=2023-05-26&previous_page_section_name=1000&federated_search_id=4a1feba8-169f-4d78-bcc6-e8bf2647ccf4,6,6,6
128,1.0,55.0,4.95,150,https://www.airbnb.com/rooms/12341145?adults=1&children=0&enable_m3_private_room=false&infants=0&pets=0&check_in=2023-04-12&check_out=2023-04-18&previous_page_section_name=1000&federated_search_id=4a1feba8-169f-4d78-bcc6-e8bf2647ccf4,2,2,2
129,2.0,90.0,5.0,89,https://www.airbnb.com/rooms/50559110?adults=1&children=0&enable_m3_private_room=false&infants=0&pets=0&check_in=2023-04-23&check_out=2023-04-28&previous_page_section_name=1000&federated_search_id=4a1feba8-169f-4d78-bcc6-e8bf2647ccf4,4,4,4
130,1.0,80.0,4.95,21,https://www.airbnb.com/rooms/697870013689574520?adults=1&children=0&enable_m3_private_room=false&infants=0&pets=0&check_in=2023-04-16&check_out=2023-04-21&previous_page_section_name=1000&federated_search_id=4a1feba8-169f-4d78-bcc6-e8bf2647ccf4,4,4,4
131,2.0,283.0,4.93,169,https://www.airbnb.com/rooms/51059349?adults=1&children=0&enable_m3_private_room=false&infants=0&pets=0&check_in=2023-05-06&check_out=2023-05-12&previous_page_section_name=1000&federated_search_id=4a1feba8-169f-4d78-bcc6-e8bf2647ccf4,9,9,9
132,2.0,97.0,5.0,41,https://www.airbnb.com/rooms/637548790918714773?adults=1&children=0&enable_m3_private_room=false&infants=0&pets=0&check_in=2023-04-22&check_out=2023-04-27&previous_page_section_name=1000&federated_search_id=4a1feba8-169f-4d78-bcc6-e8bf2647ccf4,4,4,4
133,1.0,72.0,4.97,150,https://www.airbnb.com/rooms/27984929?adults=1&children=0&enable_m3_private_room=false&infants=0&pets=0&check_in=2023-04-30&check_out=2023-05-05&previous_page_section_name=1000&federated_search_id=4a1feba8-169f-4d78-bcc6-e8bf2647ccf4,2,2,2
134,1.0,162.0,4.99,74,https://www.airbnb.com/rooms/53038445?adults=1&children=0&enable_m3_private_room=false&infants=0&pets=0&check_in=2023-04-23&check_out=2023-04-28&previous_page_section_name=1000&federated_search_id=4a1feba8-169f-4d78-bcc6-e8bf2647ccf4,7,7,7
135,1.0,85.0,4.89,55,https://www.airbnb.com/rooms/732422789383069185?adults=1&children=0&enable_m3_private_room=false&infants=0&pets=0&check_in=2023-04-18&check_out=2023-04-23&previous_page_section_name=1000&federated_search_id=4a1feba8-169f-4d78-bcc6-e8bf2647ccf4,2,2,2
136,1.0,99.0,4.93,138,https://www.airbnb.com/rooms/41403265?adults=1&children=0&enable_m3_private_room=false&infants=0&pets=0&check_in=2023-04-23&check_out=2023-04-28&previous_page_section_name=1000&federated_search_id=4a1feba8-169f-4d78-bcc6-e8bf2647ccf4,4,4,4
137,2.0,201.0,5.0,52,https://www.airbnb.com/rooms/741154544629017207?adults=1&children=0&enable_m3_private_room=false&infants=0&pets=0&check_in=2023-04-16&check_out=2023-04-21&previous_page_section_name=1000&federated_search_id=4a1feba8-169f-4d78-bcc6-e8bf2647ccf4,3,3,3
138,1.0,89.0,4.84,94,https://www.airbnb.com/rooms/44999527?adults=1&children=0&enable_m3_private_room=false&infants=0&pets=0&check_in=2023-04-16&check_out=2023-04-21&previous_page_section_name=1000&federated_search_id=4a1feba8-169f-4d78-bcc6-e8bf2647ccf4,6,6,6
140,1.0,82.0,4.86,70,https://www.airbnb.com/rooms/45069497?adults=1&children=0&enable_m3_private_room=false&infants=0&pets=0&check_in=2023-04-17&check_out=2023-04-22&previous_page_section_name=1000&federated_search_id=4a1feba8-169f-4d78-bcc6-e8bf2647ccf4,2,2,2
142,2.0,228.0,4.92,309,https://www.airbnb.com/rooms/22289082?adults=1&children=0&enable_m3_private_room=false&infants=0&pets=0&check_in=2023-04-23&check_out=2023-04-29&previous_page_section_name=1000&federated_search_id=4a1feba8-169f-4d78-bcc6-e8bf2647ccf4,6,6,6
143,3.0,139.0,4.89,38,https://www.airbnb.com/rooms/542062391187871077?adults=1&children=0&enable_m3_private_room=false&infants=0&pets=0&check_in=2023-04-16&check_out=2023-04-21&previous_page_section_name=1000&federated_search_id=4a1feba8-169f-4d78-bcc6-e8bf2647ccf4,8,8,8
144,1.0,108.0,5.0,25,https://www.airbnb.com/rooms/696924499157691022?adults=1&children=0&enable_m3_private_room=false&infants=0&pets=0&check_in=2023-05-30&check_out=2023-06-04&previous_page_section_name=1000&federated_search_id=78d5c614-0286-4d0b-a723-0fc8228ca414,2,2,2
145,3.0,121.0,4.97,221,https://www.airbnb.com/rooms/28911974?adults=1&children=0&enable_m3_private_room=false&infants=0&pets=0&check_in=2023-04-16&check_out=2023-04-21&previous_page_section_name=1000&federated_search_id=78d5c614-0286-4d0b-a723-0fc8228ca414,4,4,4
146,2.0,145.0,4.86,131,https://www.airbnb.com/rooms/20307748?adults=1&children=0&enable_m3_private_room=false&infants=0&pets=0&check_in=2023-05-21&check_out=2023-05-26&previous_page_section_name=1000&federated_search_id=78d5c614-0286-4d0b-a723-0fc8228ca414,6,6,6
147,1.0,55.0,4.95,150,https://www.airbnb.com/rooms/12341145?adults=1&children=0&enable_m3_private_room=false&infants=0&pets=0&check_in=2023-04-12&check_out=2023-04-18&previous_page_section_name=1000&federated_search_id=78d5c614-0286-4d0b-a723-0fc8228ca414,2,2,2
149,2.0,283.0,4.93,169,https://www.airbnb.com/rooms/51059349?adults=1&children=0&enable_m3_private_room=false&infants=0&pets=0&check_in=2023-05-06&check_out=2023-05-12&previous_page_section_name=1000&federated_search_id=78d5c614-0286-4d0b-a723-0fc8228ca414,9,9,9
150,2.0,97.0,5.0,41,https://www.airbnb.com/rooms/637548790918714773?adults=1&children=0&enable_m3_private_room=false&infants=0&pets=0&check_in=2023-04-22&check_out=2023-04-27&previous_page_section_name=1000&federated_search_id=78d5c614-0286-4d0b-a723-0fc8228ca414,4,4,4
152,1.0,72.0,4.97,150,https://www.airbnb.com/rooms/27984929?adults=1&children=0&enable_m3_private_room=false&infants=0&pets=0&check_in=2023-04-30&check_out=2023-05-05&previous_page_section_name=1000&federated_search_id=78d5c614-0286-4d0b-a723-0fc8228ca414,2,2,2
155,1.0,104.0,4.97,118,https://www.airbnb.com/rooms/46878530?adults=1&children=0&enable_m3_private_room=false&infants=0&pets=0&check_in=2023-04-15&check_out=2023-04-21&previous_page_section_name=1000&federated_search_id=78d5c614-0286-4d0b-a723-0fc8228ca414,4,4,4
156,1.0,85.0,4.89,55,https://www.airbnb.com/rooms/732422789383069185?adults=1&children=0&enable_m3_private_room=false&infants=0&pets=0&check_in=2023-04-18&check_out=2023-04-23&previous_page_section_name=1000&federated_search_id=78d5c614-0286-4d0b-a723-0fc8228ca414,2,2,2
159,1.0,165.0,4.88,224,https://www.airbnb.com/rooms/42274984?adults=1&children=0&enable_m3_private_room=false&infants=0&pets=0&check_in=2023-04-16&check_out=2023-04-21&previous_page_section_name=1000&federated_search_id=78d5c614-0286-4d0b-a723-0fc8228ca414,6,6,6
161,2.0,115.0,4.9,71,https://www.airbnb.com/rooms/52472173?adults=1&children=0&enable_m3_private_room=false&infants=0&pets=0&check_in=2023-05-14&check_out=2023-05-19&previous_page_section_name=1000&federated_search_id=78d5c614-0286-4d0b-a723-0fc8228ca414,4,4,4
162,2.0,204.0,4.99,141,https://www.airbnb.com/rooms/20261209?adults=1&children=0&enable_m3_private_room=false&infants=0&pets=0&check_in=2023-04-25&check_out=2023-04-30&previous_page_section_name=1000&federated_search_id=86bb041f-4190-4065-8490-11c983b79a57,3,3,3
163,2.0,189.0,5.0,13,https://www.airbnb.com/rooms/746247747183779381?adults=1&children=0&enable_m3_private_room=false&infants=0&pets=0&check_in=2023-05-03&check_out=2023-05-08&previous_page_section_name=1000&federated_search_id=86bb041f-4190-4065-8490-11c983b79a57,5,5,5
164,1.0,60.0,4.85,102,https://www.airbnb.com/rooms/48929403?adults=1&children=0&enable_m3_private_room=false&infants=0&pets=0&check_in=2023-04-30&check_out=2023-05-05&previous_page_section_name=1000&federated_search_id=86bb041f-4190-4065-8490-11c983b79a57,4,4,4
165,1.0,65.0,4.98,63,https://www.airbnb.com/rooms/29858536?adults=1&children=0&enable_m3_private_room=false&infants=0&pets=0&check_in=2023-04-16&check_out=2023-04-23&previous_page_section_name=1000&federated_search_id=86bb041f-4190-4065-8490-11c983b79a57,2,2,2
167,1.0,90.0,4.99,67,https://www.airbnb.com/rooms/52931702?adults=1&children=0&enable_m3_private_room=false&infants=0&pets=0&check_in=2023-04-16&check_out=2023-04-21&previous_page_section_name=1000&federated_search_id=86bb041f-4190-4065-8490-11c983b79a57,2,2,2
169,1.0,75.0,4.96,55,https://www.airbnb.com/rooms/686091504756289241?adults=1&children=0&enable_m3_private_room=false&infants=0&pets=0&check_in=2023-04-23&check_out=2023-04-28&previous_page_section_name=1000&federated_search_id=86bb041f-4190-4065-8490-11c983b79a57,2,2,2
171,2.0,85.0,4.9,245,https://www.airbnb.com/rooms/36836025?adults=1&children=0&enable_m3_private_room=false&infants=0&pets=0&check_in=2023-04-30&check_out=2023-05-05&previous_page_section_name=1000&federated_search_id=86bb041f-4190-4065-8490-11c983b79a57,6,6,6
173,1.0,120.0,4.89,346,https://www.airbnb.com/rooms/16905201?adults=1&children=0&enable_m3_private_room=false&infants=0&pets=0&check_in=2023-04-12&check_out=2023-04-17&previous_page_section_name=1000&federated_search_id=86bb041f-4190-4065-8490-11c983b79a57,2,2,2
175,1.0,97.0,4.8,60,https://www.airbnb.com/rooms/48881166?adults=1&children=0&enable_m3_private_room=false&infants=0&pets=0&check_in=2023-04-23&check_out=2023-04-28&previous_page_section_name=1000&federated_search_id=86bb041f-4190-4065-8490-11c983b79a57,3,3,3
177,3.0,119.0,4.75,12,https://www.airbnb.com/rooms/752296637522128908?adults=1&children=0&enable_m3_private_room=false&infants=0&pets=0&check_in=2023-04-24&check_out=2023-04-29&previous_page_section_name=1000&federated_search_id=86bb041f-4190-4065-8490-11c983b79a57,6,6,6
179,1.0,80.0,4.98,56,https://www.airbnb.com/rooms/51086055?adults=1&children=0&enable_m3_private_room=false&infants=0&pets=0&check_in=2023-04-16&check_out=2023-04-21&previous_page_section_name=1000&federated_search_id=86bb041f-4190-4065-8490-11c983b79a57,4,4,4
180,3.0,253.0,4.9,41,https://www.airbnb.com/rooms/54120217?adults=1&children=0&enable_m3_private_room=false&infants=0&pets=0&check_in=2023-08-27&check_out=2023-09-01&previous_page_section_name=1000&federated_search_id=937bd280-b3cc-4ea0-b3d1-761d90cc9fd5,9,9,9
183,1.0,68.0,4.98,45,https://www.airbnb.com/rooms/610759261696417610?adults=1&children=0&enable_m3_private_room=false&infants=0&pets=0&check_in=2023-04-16&check_out=2023-04-21&previous_page_section_name=1000&federated_search_id=937bd280-b3cc-4ea0-b3d1-761d90cc9fd5,2,2,2
185,1.0,85.0,5.0,24,https://www.airbnb.com/rooms/704465755869431972?adults=1&children=0&enable_m3_private_room=false&infants=0&pets=0&check_in=2023-04-12&check_out=2023-04-17&previous_page_section_name=1000&federated_search_id=937bd280-b3cc-4ea0-b3d1-761d90cc9fd5,2,2,2
186,2.0,165.0,4.98,66,https://www.airbnb.com/rooms/592882694285534380?adults=1&children=0&enable_m3_private_room=false&infants=0&pets=0&check_in=2023-05-07&check_out=2023-05-12&previous_page_section_name=1000&federated_search_id=937bd280-b3cc-4ea0-b3d1-761d90cc9fd5,5,5,5
187,1.0,122.0,4.97,124,https://www.airbnb.com/rooms/49406021?adults=1&children=0&enable_m3_private_room=false&infants=0&pets=0&check_in=2023-04-18&check_out=2023-04-23&previous_page_section_name=1000&federated_search_id=937bd280-b3cc-4ea0-b3d1-761d90cc9fd5,4,4,4
188,1.0,62.0,4.94,120,https://www.airbnb.com/rooms/31203626?adults=1&children=0&enable_m3_private_room=false&infants=0&pets=0&check_in=2023-04-23&check_out=2023-04-30&previous_page_section_name=1000&federated_search_id=937bd280-b3cc-4ea0-b3d1-761d90cc9fd5,3,3,3
189,1.0,142.0,4.83,24,https://www.airbnb.com/rooms/615964590794741364?adults=1&children=0&enable_m3_private_room=false&infants=0&pets=0&check_in=2023-04-16&check_out=2023-04-22&previous_page_section_name=1000&federated_search_id=937bd280-b3cc-4ea0-b3d1-761d90cc9fd5,2,2,2
190,3.0,149.0,4.75,4,https://www.airbnb.com/rooms/606501959065965010?adults=1&children=0&enable_m3_private_room=false&infants=0&pets=0&check_in=2023-04-15&check_out=2023-04-20&previous_page_section_name=1000&federated_search_id=937bd280-b3cc-4ea0-b3d1-761d90cc9fd5,8,8,8
192,1.0,117.0,4.92,169,https://www.airbnb.com/rooms/46471758?adults=1&children=0&enable_m3_private_room=false&infants=0&pets=0&check_in=2023-05-01&check_out=2023-05-07&previous_page_section_name=1000&federated_search_id=937bd280-b3cc-4ea0-b3d1-761d90cc9fd5,2,2,2
194,1.0,106.0,4.94,535,https://www.airbnb.com/rooms/13863940?adults=1&children=0&enable_m3_private_room=false&infants=0&pets=0&check_in=2023-04-27&check_out=2023-05-03&previous_page_section_name=1000&federated_search_id=937bd280-b3cc-4ea0-b3d1-761d90cc9fd5,4,4,4
195,2.0,348.0,5.0,10,https://www.airbnb.com/rooms/820361790886866919?adults=1&children=0&enable_m3_private_room=false&infants=0&pets=0&check_in=2023-06-15&check_out=2023-06-20&previous_page_section_name=1000&federated_search_id=937bd280-b3cc-4ea0-b3d1-761d90cc9fd5,4,4,4
198,2.0,348.0,5.0,10,https://www.airbnb.com/rooms/820361790886866919?adults=1&children=0&enable_m3_private_room=false&infants=0&pets=0&check_in=2023-06-15&check_out=2023-06-20&previous_page_section_name=1000&federated_search_id=3f458e9a-91f1-42c3-819a-9876b7d79021,4,4,4
200,1.0,179.0,5.0,4,https://www.airbnb.com/rooms/54279853?adults=1&children=0&enable_m3_private_room=false&infants=0&pets=0&check_in=2023-05-07&check_out=2023-05-12&previous_page_section_name=1000&federated_search_id=3f458e9a-91f1-42c3-819a-9876b7d79021,2,2,2
201,1.0,62.0,4.96,124,https://www.airbnb.com/rooms/48395260?adults=1&children=0&enable_m3_private_room=false&infants=0&pets=0&check_in=2023-05-13&check_out=2023-05-18&previous_page_section_name=1000&federated_search_id=3f458e9a-91f1-42c3-819a-9876b7d79021,2,2,2
203,2.0,131.0,5.0,3,https://www.airbnb.com/rooms/725202634737364083?adults=1&children=0&enable_m3_private_room=false&infants=0&pets=0&check_in=2023-04-17&check_out=2023-04-22&previous_page_section_name=1000&federated_search_id=3f458e9a-91f1-42c3-819a-9876b7d79021,4,4,4
206,1.0,277.0,4.94,16,https://www.airbnb.com/rooms/684965721183406826?adults=1&children=0&enable_m3_private_room=false&infants=0&pets=0&check_in=2023-04-30&check_out=2023-05-05&previous_page_section_name=1000&federated_search_id=3f458e9a-91f1-42c3-819a-9876b7d79021,5,5,5
208,1.0,51.0,4.98,184,https://www.airbnb.com/rooms/24065280?adults=1&children=0&enable_m3_private_room=false&infants=0&pets=0&check_in=2023-04-17&check_out=2023-04-22&previous_page_section_name=1000&federated_search_id=3f458e9a-91f1-42c3-819a-9876b7d79021,3,3,3
211,1.0,100.0,4.97,35,https://www.airbnb.com/rooms/651351381387346595?adults=1&children=0&enable_m3_private_room=false&infants=0&pets=0&check_in=2023-10-30&check_out=2023-11-04&previous_page_section_name=1000&federated_search_id=3f458e9a-91f1-42c3-819a-9876b7d79021,6,6,6
213,2.0,55.0,4.53,159,https://www.airbnb.com/rooms/35229432?adults=1&children=0&enable_m3_private_room=false&infants=0&pets=0&check_in=2023-05-15&check_out=2023-05-20&previous_page_section_name=1000&federated_search_id=3f458e9a-91f1-42c3-819a-9876b7d79021,4,4,4
216,1.0,59.0,4.93,86,https://www.airbnb.com/rooms/52161281?adults=1&children=0&enable_m3_private_room=false&infants=0&pets=0&check_in=2023-04-15&check_out=2023-04-20&previous_page_section_name=1000&federated_search_id=26d6a311-1d4e-42b9-9931-cf68dfcb4a09,6,6,6
218,1.0,133.0,4.92,12,https://www.airbnb.com/rooms/642009167203745450?adults=1&children=0&enable_m3_private_room=false&infants=0&pets=0&check_in=2023-06-01&check_out=2023-06-06&previous_page_section_name=1000&federated_search_id=26d6a311-1d4e-42b9-9931-cf68dfcb4a09,2,2,2
220,3.0,136.0,4.95,22,https://www.airbnb.com/rooms/634757124133478319?adults=1&children=0&enable_m3_private_room=false&infants=0&pets=0&check_in=2023-06-12&check_out=2023-06-17&previous_page_section_name=1000&federated_search_id=26d6a311-1d4e-42b9-9931-cf68dfcb4a09,6,6,6
222,2.0,204.0,5.0,9,https://www.airbnb.com/rooms/825311381818007429?adults=1&children=0&enable_m3_private_room=false&infants=0&pets=0&check_in=2023-05-17&check_out=2023-05-23&previous_page_section_name=1000&federated_search_id=26d6a311-1d4e-42b9-9931-cf68dfcb4a09,4,4,4
225,1.0,140.0,5.0,30,https://www.airbnb.com/rooms/674755745962663638?adults=1&children=0&enable_m3_private_room=false&infants=0&pets=0&check_in=2023-04-23&check_out=2023-04-28&previous_page_section_name=1000&federated_search_id=26d6a311-1d4e-42b9-9931-cf68dfcb4a09,4,4,4
227,1.0,110.0,4.94,345,https://www.airbnb.com/rooms/5830166?adults=1&children=0&enable_m3_private_room=false&infants=0&pets=0&check_in=2023-04-23&check_out=2023-04-28&previous_page_section_name=1000&federated_search_id=26d6a311-1d4e-42b9-9931-cf68dfcb4a09,4,4,4
232,1.0,157.0,4.99,146,https://www.airbnb.com/rooms/557121562406136438?adults=1&children=0&enable_m3_private_room=false&infants=0&pets=0&check_in=2023-04-22&check_out=2023-04-27&previous_page_section_name=1000&federated_search_id=26d6a311-1d4e-42b9-9931-cf68dfcb4a09,2,2,2
235,1.0,110.0,4.94,345,https://www.airbnb.com/rooms/5830166?adults=1&children=0&enable_m3_private_room=false&infants=0&pets=0&check_in=2023-04-23&check_out=2023-04-28&previous_page_section_name=1000&federated_search_id=110966f9-25f3-49bb-8def-c4a79bbf0f78,4,4,4
236,2.0,479.0,4.97,106,https://www.airbnb.com/rooms/50229881?adults=1&children=0&enable_m3_private_room=false&infants=0&pets=0&check_in=2023-04-23&check_out=2023-04-28&previous_page_section_name=1000&federated_search_id=110966f9-25f3-49bb-8def-c4a79bbf0f78,7,7,7
240,1.0,157.0,4.99,146,https://www.airbnb.com/rooms/557121562406136438?adults=1&children=0&enable_m3_private_room=false&infants=0&pets=0&check_in=2023-04-22&check_out=2023-04-27&previous_page_section_name=1000&federated_search_id=110966f9-25f3-49bb-8def-c4a79bbf0f78,2,2,2
241,2.0,128.0,5.0,46,https://www.airbnb.com/rooms/734050341078313819?adults=1&children=0&enable_m3_private_room=false&infants=0&pets=0&check_in=2023-04-18&check_out=2023-04-23&previous_page_section_name=1000&federated_search_id=110966f9-25f3-49bb-8def-c4a79bbf0f78,4,4,4
243,1.0,129.0,4.89,90,https://www.airbnb.com/rooms/49713433?adults=1&children=0&enable_m3_private_room=false&infants=0&pets=0&check_in=2023-04-23&check_out=2023-04-28&previous_page_section_name=1000&federated_search_id=110966f9-25f3-49bb-8def-c4a79bbf0f78,4,4,4
244,1.0,126.0,4.98,40,https://www.airbnb.com/rooms/693323718158533935?adults=1&children=0&enable_m3_private_room=false&infants=0&pets=0&check_in=2023-04-22&check_out=2023-04-27&previous_page_section_name=1000&federated_search_id=110966f9-25f3-49bb-8def-c4a79bbf0f78,4,4,4
245,1.0,54.0,4.91,125,https://www.airbnb.com/rooms/22027145?adults=1&children=0&enable_m3_private_room=false&infants=0&pets=0&check_in=2023-04-28&check_out=2023-05-03&previous_page_section_name=1000&federated_search_id=110966f9-25f3-49bb-8def-c4a79bbf0f78,3,3,3
247,1.0,150.0,4.94,493,https://www.airbnb.com/rooms/24909025?adults=1&children=0&enable_m3_private_room=false&infants=0&pets=0&check_in=2023-04-30&check_out=2023-05-05&previous_page_section_name=1000&federated_search_id=110966f9-25f3-49bb-8def-c4a79bbf0f78,6,6,6
249,2.0,125.0,4.94,18,https://www.airbnb.com/rooms/725465136434635526?adults=1&children=0&enable_m3_private_room=false&infants=0&pets=0&check_in=2023-04-15&check_out=2023-04-20&previous_page_section_name=1000&federated_search_id=110966f9-25f3-49bb-8def-c4a79bbf0f78,5,5,5
259,1.0,50.0,4.91,110,https://www.airbnb.com/rooms/21081155,1,1,1
261,1.0,43.0,5.0,100,https://www.airbnb.com/rooms/46837010,2,2,2
263,1.0,50.0,4.97,92,https://www.airbnb.com/rooms/27592001,1,1,1
265,1.0,41.0,4.92,354,https://www.airbnb.com/rooms/8249658,2,2,2
267,1.0,30.0,4.93,28,https://www.airbnb.com/rooms/34982288,1,1,1
270,1.0,28.0,4.73,103,https://www.airbnb.com/rooms/6765734,1,1,1
273,1.0,39.0,4.9,143,https://www.airbnb.com/rooms/20074391,2,2,2
274,1.0,45.0,4.92,117,https://www.airbnb.com/rooms/40025892,1,1,1
275,1.0,48.0,4.96,126,https://www.airbnb.com/rooms/51366987,2,2,2
276,2.0,40.0,4.93,14,https://www.airbnb.com/rooms/51231432,2,2,2
278,1.0,49.0,4.88,163,https://www.airbnb.com/rooms/3617062,3,3,3
282,0.0,23.0,4.91,22,https://www.airbnb.com/rooms/33891608,16,16,16
286,1.0,49.0,4.7,33,https://www.airbnb.com/rooms/52674822,3,3,3
291,1.0,45.0,4.79,14,https://www.airbnb.com/rooms/51432825,2,2,2
293,1.0,42.0,5.0,11,https://www.airbnb.com/rooms/23024123,2,2,2
294,1.0,36.0,4.55,33,https://www.airbnb.com/rooms/45152910,2,2,2
295,1.0,40.0,4.96,145,https://www.airbnb.com/rooms/51785660,2,2,2
296,1.0,38.0,4.85,241,https://www.airbnb.com/rooms/1937598,1,1,1
299,1.0,46.0,4.61,69,https://www.airbnb.com/rooms/41977405,2,2,2
300,1.0,43.0,4.96,402,https://www.airbnb.com/rooms/31963531,2,2,2
305,1.0,29.0,4.9,63,https://www.airbnb.com/rooms/45893285,2,2,2
306,1.0,46.0,4.88,94,https://www.airbnb.com/rooms/46513104,4,4,4
307,1.0,42.0,4.75,1166,https://www.airbnb.com/rooms/3314819,3,3,3
309,1.0,40.0,4.83,135,https://www.airbnb.com/rooms/54274825,2,2,2
310,1.0,38.0,4.92,38,https://www.airbnb.com/rooms/50721019,2,2,2
312,1.0,38.0,4.95,64,https://www.airbnb.com/rooms/43778636,1,1,1
313,1.0,37.0,4.87,126,https://www.airbnb.com/rooms/35409697,2,2,2
316,1.0,23.0,4.9,174,https://www.airbnb.com/rooms/20517543,4,4,4
317,1.0,46.0,4.96,77,https://www.airbnb.com/rooms/49725958,2,2,2
319,1.0,35.0,4.88,50,https://www.airbnb.com/rooms/11239491,2,2,2
320,1.0,48.0,4.91,32,https://www.airbnb.com/rooms/17025798,4,4,4
323,1.0,23.0,4.88,240,https://www.airbnb.com/rooms/4411561,4,4,4
326,1.0,40.0,4.91,53,https://www.airbnb.com/rooms/28540852,2,2,2
328,1.0,38.0,4.6,135,https://www.airbnb.com/rooms/37567315,2,2,2
331,1.0,50.0,4.86,230,https://www.airbnb.com/rooms/163718,2,2,2
337,1.0,30.0,4.86,218,https://www.airbnb.com/rooms/17999074,1,1,1
339,,45.0,4.71,283,https://www.airbnb.com/rooms/19063630,3,3,3
341,1.0,30.0,5.0,3,https://www.airbnb.com/rooms/38134459,2,2,2
343,1.0,51.0,4.95,134,https://www.airbnb.com/rooms/52130317,2,2,2
345,1.0,35.0,4.47,68,https://www.airbnb.com/rooms/16237177,1,1,1
347,1.0,32.0,4.48,60,https://www.airbnb.com/rooms/46136129,3,3,3
349,1.0,45.0,4.91,56,https://www.airbnb.com/rooms/7855684,1,1,1
350,1.0,39.0,4.86,194,https://www.airbnb.com/rooms/41913313,2,2,2
352,1.0,43.0,4.89,527,https://www.airbnb.com/rooms/40274759,1,1,1
354,1.0,51.0,4.93,127,https://www.airbnb.com/rooms/24672546,2,2,2
355,,26.0,4.97,36,https://www.airbnb.com/rooms/31029995,2,2,2
356,1.0,45.0,4.87,30,https://www.airbnb.com/rooms/23920842,2,2,2
357,1.0,28.0,4.74,114,https://www.airbnb.com/rooms/45378017,3,3,3
358,1.0,39.0,5.0,21,https://www.airbnb.com/rooms/41271064,2,2,2
361,1.0,41.0,4.84,104,https://www.airbnb.com/rooms/995407,1,1,1
364,1.0,20.0,4.78,202,https://www.airbnb.com/rooms/14821185,1,1,1
366,1.0,35.0,4.75,81,https://www.airbnb.com/rooms/8259989,2,2,2
368,1.0,45.0,4.98,292,https://www.airbnb.com/rooms/1116780,2,2,2
369,1.0,40.0,4.97,123,https://www.airbnb.com/rooms/2867259,2,2,2
373,1.0,46.0,4.85,185,https://www.airbnb.com/rooms/48709004,2,2,2
374,1.0,33.0,4.83,429,https://www.airbnb.com/rooms/14798955,2,2,2
377,4.0,250.0,4.7,199,https://www.airbnb.com/rooms/32610312,12,12,12
386,2.0,160.0,4.75,130,https://www.airbnb.com/rooms/33270097,6,6,6
388,2.0,239.0,4.31,32,https://www.airbnb.com/rooms/45409618,4,4,4
392,1.0,250.0,4.93,14,https://www.airbnb.com/rooms/40265818,3,3,3
393,4.0,205.0,4.72,54,https://www.airbnb.com/rooms/50484744,12,12,12
397,3.0,250.0,4.86,7,https://www.airbnb.com/rooms/21803108,7,7,7
399,2.0,251.0,5.0,29,https://www.airbnb.com/rooms/52932802,4,4,4
405,5.0,329.0,4.96,265,https://www.airbnb.com/rooms/6659162,15,15,15
406,2.0,171.0,4.83,65,https://www.airbnb.com/rooms/18489136,6,6,6
411,1.0,256.0,5.0,3,https://www.airbnb.com/rooms/53200454,2,2,2
413,2.0,223.0,4.93,94,https://www.airbnb.com/rooms/42590378,4,4,4
418,4.0,264.0,4.63,132,https://www.airbnb.com/rooms/28865830,10,10,10
422,2.0,205.0,4.83,161,https://www.airbnb.com/rooms/8031759,6,6,6
425,1.0,247.0,5.0,4,https://www.airbnb.com/rooms/8687712,2,2,2
427,3.0,197.0,4.15,46,https://www.airbnb.com/rooms/29589968,6,6,6
432,3.0,270.0,4.97,37,https://www.airbnb.com/rooms/52986176,6,6,6
435,3.0,269.0,4.83,29,https://www.airbnb.com/rooms/54057133,6,6,6
438,3.0,219.0,5.0,6,https://www.airbnb.com/rooms/12027360,6,6,6
441,2.0,246.0,4.81,257,https://www.airbnb.com/rooms/38752198,9,9,9
446,1.0,83.0,4.83,285,https://www.airbnb.com/rooms/49171098,2,2,2
447,1.0,286.0,4.89,9,https://www.airbnb.com/rooms/52231824,3,3,3
448,2.0,228.0,4.93,128,https://www.airbnb.com/rooms/18777033,4,4,4
449,3.0,249.0,4.81,307,https://www.airbnb.com/rooms/20054035,8,8,8
457,3.0,245.0,4.99,179,https://www.airbnb.com/rooms/45438209,9,9,9
462,3.0,259.0,5.0,13,https://www.airbnb.com/rooms/21567376,6,6,6
463,2.0,161.0,4.92,85,https://www.airbnb.com/rooms/27510277,5,5,5
466,3.0,153.0,5.0,36,https://www.airbnb.com/rooms/53081297,6,6,6
467,1.0,258.0,5.0,8,https://www.airbnb.com/rooms/53404943,4,4,4
468,2.0,200.0,5.0,17,https://www.airbnb.com/rooms/52337522,4,4,4
470,1.0,207.0,4.95,21,https://www.airbnb.com/rooms/48028659,2,2,2
471,1.0,206.0,4.94,16,https://www.airbnb.com/rooms/48935134,2,2,2
474,,146.0,4.93,102,https://www.airbnb.com/rooms/51597465,2,2,2
480,2.0,257.0,4.85,113,https://www.airbnb.com/rooms/28982289,4,4,4
481,4.0,284.0,4.83,52,https://www.airbnb.com/rooms/52298235,8,8,8
482,1.0,182.0,5.0,30,https://www.airbnb.com/rooms/49157523,3,3,3
483,1.0,192.0,5.0,14,https://www.airbnb.com/rooms/53401184,2,2,2
484,1.0,280.0,4.77,102,https://www.airbnb.com/rooms/12240506,2,2,2
486,2.0,194.0,4.92,107,https://www.airbnb.com/rooms/43764677,4,4,4
491,2.0,174.0,4.95,78,https://www.airbnb.com/rooms/43516788,4,4,4
493,1.0,207.0,5.0,21,https://www.airbnb.com/rooms/48027975,2,2,2
494,1.0,199.0,5.0,4,https://www.airbnb.com/rooms/28889010,2,2,2
510,3.0,212.0,4.82,407,https://www.airbnb.com/rooms/3095136,6,6,6
512,3.0,190.0,4.96,95,https://www.airbnb.com/rooms/52600682,10,10,10
513,4.0,169.0,4.83,125,https://www.airbnb.com/rooms/52173658,9,9,9
514,1.0,200.0,4.9,31,https://www.airbnb.com/rooms/48028254,2,2,2
516,1.0,192.0,4.95,39,https://www.airbnb.com/rooms/53401062,2,2,2
523,1.0,232.0,5.0,15,https://www.airbnb.com/rooms/48028956,2,2,2
526,1.0,170.0,4.61,142,https://www.airbnb.com/rooms/42764986,6,6,6
528,2.0,249.0,4.99,95,https://www.airbnb.com/rooms/48833459,6,6,6
530,2.0,289.0,4.96,93,https://www.airbnb.com/rooms/37648805,6,6,6
531,1.0,205.0,5.0,16,https://www.airbnb.com/rooms/43403551,2,2,2
532,2.0,269.0,5.0,13,https://www.airbnb.com/rooms/16924140,2,2,2
533,2.0,205.0,4.94,106,https://www.airbnb.com/rooms/46445418,6,6,6
534,3.0,161.0,4.96,276,https://www.airbnb.com/rooms/44230420,6,6,6
535,1.0,213.0,5.0,40,https://www.airbnb.com/rooms/34480699,2,2,2
536,1.0,221.0,4.9,200,https://www.airbnb.com/rooms/25279378,5,5,5
537,1.0,306.0,5.0,14,https://www.airbnb.com/rooms/53400774,2,2,2
538,1.0,207.0,4.94,63,https://www.airbnb.com/rooms/48028610,2,2,2
539,1.0,214.0,4.65,110,https://www.airbnb.com/rooms/54085247,6,6,6
540,2.0,288.0,5.0,216,https://www.airbnb.com/rooms/31832460,6,6,6
541,1.0,250.0,5.0,39,https://www.airbnb.com/rooms/51421920,2,2,2
542,1.0,221.0,4.81,48,https://www.airbnb.com/rooms/38866776,2,2,2
543,1.0,99.0,4.89,84,https://www.airbnb.com/rooms/35493468,2,2,2
544,3.0,189.0,4.96,327,https://www.airbnb.com/rooms/28441404,8,8,8
545,1.0,111.0,4.95,106,https://www.airbnb.com/rooms/42441057,2,2,2
546,1.0,153.0,5.0,53,https://www.airbnb.com/rooms/35838471,2,2,2
547,1.0,178.0,4.96,114,https://www.airbnb.com/rooms/46513114,2,2,2
548,1.0,192.0,5.0,15,https://www.airbnb.com/rooms/34480858,1,1,1
549,2.0,241.0,4.85,59,https://www.airbnb.com/rooms/51816454,6,6,6
550,,208.0,4.93,225,https://www.airbnb.com/rooms/43014228,3,3,3
551,1.0,243.0,4.96,70,https://www.airbnb.com/rooms/48932403,2,2,2
552,1.0,165.0,4.9,271,https://www.airbnb.com/rooms/43230135,4,4,4
553,1.0,213.0,5.0,33,https://www.airbnb.com/rooms/34480246,2,2,2
554,2.0,213.0,4.98,254,https://www.airbnb.com/rooms/46305215,4,4,4
555,1.0,99.0,4.93,46,https://www.airbnb.com/rooms/36021882,2,2,2
556,1.0,225.0,4.86,336,https://www.airbnb.com/rooms/27900259,4,4,4
557,1.0,260.0,4.99,223,https://www.airbnb.com/rooms/24098735,3,3,3
559,2.0,215.0,5.0,11,https://www.airbnb.com/rooms/21982895,6,6,6
560,1.0,176.0,4.94,367,https://www.airbnb.com/rooms/34151081,2,2,2
561,3.0,198.0,4.83,156,https://www.airbnb.com/rooms/38133178,4,4,4
562,2.0,146.0,4.99,356,https://www.airbnb.com/rooms/38822432,5,5,5
563,1.0,266.0,4.98,120,https://www.airbnb.com/rooms/47407581,4,4,4
564,3.0,250.0,4.99,141,https://www.airbnb.com/rooms/47119016,6,6,6
565,2.0,217.0,4.95,126,https://www.airbnb.com/rooms/49403124,4,4,4
567,1.0,262.0,4.93,333,https://www.airbnb.com/rooms/43650708,2,2,2
568,2.0,261.0,4.96,271,https://www.airbnb.com/rooms/20814364,4,4,4
569,2.0,285.0,4.87,126,https://www.airbnb.com/rooms/13687958,5,5,5
570,1.0,275.0,4.99,106,https://www.airbnb.com/rooms/42655772,4,4,4
571,1.0,40.0,4.99,157,https://www.airbnb.com/rooms/16787821,1,1,1
572,1.0,37.0,5.0,5,https://www.airbnb.com/rooms/53340313,2,2,2
573,1.0,35.0,4.9,31,https://www.airbnb.com/rooms/42504176,4,4,4
575,1.0,302.0,4.57,7,https://www.airbnb.com/rooms/51816899,2,2,2
577,1.0,325.0,5.0,5,https://www.airbnb.com/rooms/52454591,6,6,6
578,3.0,300.0,4.88,8,https://www.airbnb.com/rooms/23504401,6,6,6
580,2.0,255.0,4.8,10,https://www.airbnb.com/rooms/48958123,4,4,4
581,4.0,320.0,4.63,8,https://www.airbnb.com/rooms/50008295,8,8,8
583,2.0,259.0,5.0,12,https://www.airbnb.com/rooms/48958136,4,4,4
584,2.0,370.0,4.33,6,https://www.airbnb.com/rooms/52585732,5,5,5
585,3.0,449.0,5.0,3,https://www.airbnb.com/rooms/3122744,6,6,6
586,3.0,139.0,4.85,92,https://www.airbnb.com/rooms/45605661,6,6,6
588,1.0,410.0,5.0,4,https://www.airbnb.com/rooms/12129285,2,2,2
590,2.0,301.0,4.9,79,https://www.airbnb.com/rooms/47844976,4,4,4
591,1.0,259.0,4.95,21,https://www.airbnb.com/rooms/48443011,2,2,2
592,2.0,461.0,5.0,19,https://www.airbnb.com/rooms/53846772,6,6,6
593,1.0,341.0,5.0,54,https://www.airbnb.com/rooms/34478382,2,2,2
594,1.0,311.0,4.94,54,https://www.airbnb.com/rooms/41338866,2,2,2
595,3.0,364.0,4.83,19,https://www.airbnb.com/rooms/38091995,6,6,6
596,1.0,206.0,5.0,3,https://www.airbnb.com/rooms/53410871,2,2,2
597,3.0,359.0,5.0,11,https://www.airbnb.com/rooms/16923943,6,6,6
598,3.0,302.0,4.94,230,https://www.airbnb.com/rooms/25885535,6,6,6
599,2.0,265.0,4.97,39,https://www.airbnb.com/rooms/46254584,4,4,4
600,1.0,206.0,5.0,17,https://www.airbnb.com/rooms/53410570,4,4,4
601,1.0,310.0,4.94,140,https://www.airbnb.com/rooms/39199324,2,2,2
602,1.0,277.0,4.94,34,https://www.airbnb.com/rooms/34479822,2,2,2
603,1.0,331.0,4.99,239,https://www.airbnb.com/rooms/33545670,4,4,4
604,2.0,285.0,4.91,242,https://www.airbnb.com/rooms/45558943,4,4,4
605,1.0,45.0,4.67,9,https://www.airbnb.com/rooms/52256369,2,2,2
606,1.0,45.0,5.0,218,https://www.airbnb.com/rooms/15452968,2,2,2
607,1.0,45.0,4.6,206,https://www.airbnb.com/rooms/6622312,2,2,2
608,1.0,30.0,4.7,20,https://www.airbnb.com/rooms/36233339,1,1,1
609,1.0,26.0,4.94,185,https://www.airbnb.com/rooms/16112556,16,16,16
610,1.0,41.0,4.86,350,https://www.airbnb.com/rooms/15418994,2,2,2
611,1.0,23.0,4.65,37,https://www.airbnb.com/rooms/53849514,3,3,3
612,1.0,60.0,5.0,144,https://www.airbnb.com/rooms/40348484,2,2,2
614,2.0,71.0,4.89,465,https://www.airbnb.com/rooms/9318250,4,4,4
615,1.0,72.0,4.98,133,https://www.airbnb.com/rooms/49378500,2,2,2
616,1.0,69.0,4.89,234,https://www.airbnb.com/rooms/39463852,2,2,2
617,1.0,58.0,4.9,97,https://www.airbnb.com/rooms/36129281,1,1,1
618,1.0,60.0,4.95,644,https://www.airbnb.com/rooms/29853009,2,2,2
619,,68.0,4.95,83,https://www.airbnb.com/rooms/48549784,2,2,2
620,1.0,56.0,4.95,221,https://www.airbnb.com/rooms/3516190,2,2,2
622,1.0,57.0,4.94,450,https://www.airbnb.com/rooms/16577002,2,2,2
624,1.0,74.0,4.97,34,https://www.airbnb.com/rooms/53668168,3,3,3
625,2.0,69.0,4.97,58,https://www.airbnb.com/rooms/51087296,4,4,4
626,1.0,66.0,4.73,296,https://www.airbnb.com/rooms/16904966,2,2,2
627,1.0,79.0,4.93,100,https://www.airbnb.com/rooms/50975024,2,2,2
629,1.0,79.0,4.95,288,https://www.airbnb.com/rooms/23076921,2,2,2
630,1.0,68.0,4.73,60,https://www.airbnb.com/rooms/49369458,2,2,2
631,1.0,75.0,4.98,173,https://www.airbnb.com/rooms/20602160,2,2,2
632,1.0,67.0,4.92,384,https://www.airbnb.com/rooms/17029582,2,2,2
633,1.0,55.0,4.96,163,https://www.airbnb.com/rooms/32397208,2,2,2
635,1.0,50.0,4.71,87,https://www.airbnb.com/rooms/40179457,2,2,2
638,1.0,55.0,4.7,30,https://www.airbnb.com/rooms/54327872,2,2,2
639,1.0,70.0,5.0,138,https://www.airbnb.com/rooms/14385199,2,2,2
641,1.0,50.0,4.68,69,https://www.airbnb.com/rooms/51087012,2,2,2
643,1.0,77.0,4.98,288,https://www.airbnb.com/rooms/35805055,4,4,4
645,1.0,50.0,4.91,207,https://www.airbnb.com/rooms/26333434,2,2,2
646,1.0,70.0,4.97,64,https://www.airbnb.com/rooms/4753477,2,2,2
647,1.0,82.0,4.94,226,https://www.airbnb.com/rooms/16705630,3,3,3
648,1.0,65.0,5.0,3,https://www.airbnb.com/rooms/32071497,6,6,6
650,1.0,61.0,4.91,46,https://www.airbnb.com/rooms/23149515,1,1,1
651,1.0,74.0,4.98,95,https://www.airbnb.com/rooms/1627187,2,2,2
653,1.0,64.0,4.95,227,https://www.airbnb.com/rooms/22467662,2,2,2
656,1.0,47.0,4.91,125,https://www.airbnb.com/rooms/22027145,3,3,3
657,1.0,70.0,4.9,109,https://www.airbnb.com/rooms/4795903,2,2,2
658,1.0,69.0,4.88,432,https://www.airbnb.com/rooms/19101996,4,4,4
659,1.0,55.0,4.93,41,https://www.airbnb.com/rooms/36660501,2,2,2
661,1.0,78.0,4.87,105,https://www.airbnb.com/rooms/8424814,2,2,2
662,,50.098,4.84,150,https://www.airbnb.com/rooms/34478136,4,4,4
664,,91.0,4.88,120,https://www.airbnb.com/rooms/19640846,3,3,3
665,1.0,56.0,5.0,28,https://www.airbnb.com/rooms/42538627,2,2,2
667,1.0,60.0,4.85,66,https://www.airbnb.com/rooms/20559974,2,2,2
669,1.0,50.0,5.0,8,https://www.airbnb.com/rooms/51967251,2,2,2
670,2.0,50.0,4.9,93,https://www.airbnb.com/rooms/23941753,4,4,4
671,1.0,62.0,4.96,83,https://www.airbnb.com/rooms/34997866,2,2,2
672,1.0,55.0,5.0,11,https://www.airbnb.com/rooms/54301302,1,1,1
673,1.0,60.0,4.9,115,https://www.airbnb.com/rooms/19448494,2,2,2
674,1.0,55.0,4.54,37,https://www.airbnb.com/rooms/28280419,2,2,2
675,1.0,45.0,4.94,18,https://www.airbnb.com/rooms/44372861,2,2,2
676,1.0,60.0,4.89,61,https://www.airbnb.com/rooms/25514148,2,2,2
677,1.0,60.0,4.92,13,https://www.airbnb.com/rooms/24476142,2,2,2
678,2.0,65.0,4.88,98,https://www.airbnb.com/rooms/38867837,2,2,2
680,1.0,60.0,4.95,40,https://www.airbnb.com/rooms/30399354,1,1,1
681,1.0,50.0,4.73,15,https://www.airbnb.com/rooms/49214832,2,2,2
682,1.0,59.0,4.97,30,https://www.airbnb.com/rooms/12037948,1,1,1
684,1.0,50.0,4.65,74,https://www.airbnb.com/rooms/47705956,2,2,2
686,1.0,66.0,4.86,141,https://www.airbnb.com/rooms/24885757,2,2,2
687,2.0,59.0,4.68,140,https://www.airbnb.com/rooms/35683500,6,6,6
688,1.0,60.0,5.0,31,https://www.airbnb.com/rooms/50775483,2,2,2
690,1.0,60.0,4.88,34,https://www.airbnb.com/rooms/44313530,4,4,4
692,1.0,64.0,4.96,297,https://www.airbnb.com/rooms/46264961,4,4,4
695,1.0,50.0,4.76,96,https://www.airbnb.com/rooms/38746287,2,2,2
696,1.0,71.0,4.62,220,https://www.airbnb.com/rooms/21814127,2,2,2
697,1.0,67.0,4.81,221,https://www.airbnb.com/rooms/26196934,2,2,2
698,3.0,75.0,4.6,130,https://www.airbnb.com/rooms/42022652,6,6,6
699,1.0,65.0,4.93,27,https://www.airbnb.com/rooms/43401290,2,2,2
700,1.0,75.0,4.97,31,https://www.airbnb.com/rooms/20466426,2,2,2
702,1.0,78.0,4.96,352,https://www.airbnb.com/rooms/35288100,2,2,2
703,1.0,70.0,5.0,20,https://www.airbnb.com/rooms/17812250,2,2,2
705,1.0,60.0,5.0,115,https://www.airbnb.com/rooms/38063251,1,1,1
706,2.0,75.0,4.98,156,https://www.airbnb.com/rooms/10515522,4,4,4
708,1.0,51.0,4.88,243,https://www.airbnb.com/rooms/39087371,2,2,2
711,1.0,65.0,4.95,21,https://www.airbnb.com/rooms/18265981,2,2,2
712,2.0,79.0,4.82,238,https://www.airbnb.com/rooms/31390273,4,4,4
713,1.0,77.0,4.88,457,https://www.airbnb.com/rooms/22968354,2,2,2
715,1.0,56.0,4.97,147,https://www.airbnb.com/rooms/24910722,2,2,2
716,1.0,86.0,4.92,319,https://www.airbnb.com/rooms/21518202,2,2,2
718,1.0,62.0,4.85,100,https://www.airbnb.com/rooms/50226475,4,4,4
720,1.0,69.0,4.93,189,https://www.airbnb.com/rooms/15645445,3,3,3
721,1.0,80.0,4.67,6,https://www.airbnb.com/rooms/48534798,2,2,2
722,1.0,75.0,4.88,355,https://www.airbnb.com/rooms/17328053,2,2,2
723,1.0,74.0,4.95,297,https://www.airbnb.com/rooms/28459434,2,2,2
724,1.0,65.0,4.97,37,https://www.airbnb.com/rooms/15754182,2,2,2
726,2.0,71.0,4.61,106,https://www.airbnb.com/rooms/45770429,5,5,5
727,1.0,54.0,4.97,29,https://www.airbnb.com/rooms/20799745,2,2,2
730,2.0,80.0,4.81,714,https://www.airbnb.com/rooms/8782463,4,4,4
731,1.0,71.0,4.87,171,https://www.airbnb.com/rooms/21725938,2,2,2
732,1.0,74.0,4.92,39,https://www.airbnb.com/rooms/574785251396906400,2,2,2
734,1.0,65.0,4.82,56,https://www.airbnb.com/rooms/43399012,2,2,2
735,1.0,56.0,5.0,80,https://www.airbnb.com/rooms/44167263,2,2,2
736,1.0,54.0,4.62,53,https://www.airbnb.com/rooms/51088790,2,2,2
738,1.0,50.0,4.93,249,https://www.airbnb.com/rooms/31219110,2,2,2
740,1.0,55.0,4.88,140,https://www.airbnb.com/rooms/14842253,2,2,2
741,1.0,54.0,4.82,288,https://www.airbnb.com/rooms/6145162,1,1,1
742,1.0,54.0,4.84,140,https://www.airbnb.com/rooms/24520534,1,1,1
744,1.0,60.0,4.88,82,https://www.airbnb.com/rooms/52529298,3,3,3
746,2.0,70.0,4.9,109,https://www.airbnb.com/rooms/50054078,3,3,3
747,1.0,65.0,4.91,633,https://www.airbnb.com/rooms/20620181,2,2,2
749,2.0,75.0,4.56,16,https://www.airbnb.com/rooms/53826158,4,4,4
752,1.0,55.0,4.83,48,https://www.airbnb.com/rooms/48928549,2,2,2
753,1.0,66.0,4.98,245,https://www.airbnb.com/rooms/20688115,2,2,2
755,1.0,75.0,4.97,30,https://www.airbnb.com/rooms/49672695,2,2,2
757,1.0,60.0,4.92,90,https://www.airbnb.com/rooms/22985524,2,2,2
758,1.0,59.0,5.0,47,https://www.airbnb.com/rooms/27019627,2,2,2
759,1.0,79.0,4.96,68,https://www.airbnb.com/rooms/35877490,2,2,2
763,1.0,61.0,4.76,347,https://www.airbnb.com/rooms/3431779,2,2,2
764,1.0,68.0,4.92,37,https://www.airbnb.com/rooms/22545012,2,2,2
766,1.0,60.0,5.0,13,https://www.airbnb.com/rooms/34688838,2,2,2
768,1.0,69.0,4.96,135,https://www.airbnb.com/rooms/7763265,2,2,2
770,1.0,75.0,4.67,24,https://www.airbnb.com/rooms/48677373,2,2,2
772,1.0,58.0,4.94,105,https://www.airbnb.com/rooms/23714662,2,2,2
774,1.0,55.0,4.85,27,https://www.airbnb.com/rooms/45091634,2,2,2
776,1.0,70.0,4.95,77,https://www.airbnb.com/rooms/28328626,2,2,2
778,1.0,79.0,4.92,345,https://www.airbnb.com/rooms/15003490,3,3,3
783,1.0,75.0,4.86,127,https://www.airbnb.com/rooms/7755704,2,2,2
784,1.0,68.0,5.0,33,https://www.airbnb.com/rooms/29629427,2,2,2
787,2.0,74.0,4.81,319,https://www.airbnb.com/rooms/17015400,4,4,4
789,1.0,75.0,4.99,178,https://www.airbnb.com/rooms/2177608,2,2,2
790,1.0,75.0,4.94,105,https://www.airbnb.com/rooms/22310857,2,2,2
791,1.0,67.0,4.87,316,https://www.airbnb.com/rooms/10616718,2,2,2
792,1.0,70.0,5.0,44,https://www.airbnb.com/rooms/41684398,1,1,1
793,1.0,76.0,4.94,187,https://www.airbnb.com/rooms/50731511,2,2,2
794,1.0,65.0,5.0,14,https://www.airbnb.com/rooms/43420002,4,4,4
795,1.0,69.0,4.93,414,https://www.airbnb.com/rooms/9021640,2,2,2
797,1.0,65.0,4.89,123,https://www.airbnb.com/rooms/38320288,2,2,2
799,1.0,71.0,4.7,429,https://www.airbnb.com/rooms/24967122,4,4,4
800,1.0,69.0,4.93,138,https://www.airbnb.com/rooms/22968467,2,2,2
802,1.0,53.0,4.92,275,https://www.airbnb.com/rooms/9022524,4,4,4
803,1.0,64.0,4.93,179,https://www.airbnb.com/rooms/37084364,2,2,2
805,1.0,63.0,4.88,119,https://www.airbnb.com/rooms/38849380,2,2,2
806,,58.0,4.85,300,https://www.airbnb.com/rooms/7469881,2,2,2
809,1.0,55.0,5.0,7,https://www.airbnb.com/rooms/36940483,3,3,3
810,15.0,50.0,4.73,202,https://www.airbnb.com/rooms/5013660,16,16,16
814,1.0,55.0,4.91,67,https://www.airbnb.com/rooms/51516838,5,5,5
815,1.0,55.0,4.99,207,https://www.airbnb.com/rooms/28391370,1,1,1
821,1.0,63.0,4.92,59,https://www.airbnb.com/rooms/52596637,2,2,2
822,1.0,57.0,4.75,171,https://www.airbnb.com/rooms/47330056,2,2,2
823,,69.0,4.98,252,https://www.airbnb.com/rooms/44593352,2,2,2
824,1.0,65.0,4.97,425,https://www.airbnb.com/rooms/23480306,4,4,4
825,1.0,74.0,4.98,62,https://www.airbnb.com/rooms/52506608,2,2,2
826,1.0,67.0,4.96,433,https://www.airbnb.com/rooms/26753930,2,2,2
829,1.0,75.0,5.0,6,https://www.airbnb.com/rooms/3655624,2,2,2
831,1.0,64.0,4.94,173,https://www.airbnb.com/rooms/42326623,2,2,2
832,1.0,74.0,4.9,705,https://www.airbnb.com/rooms/33316536,2,2,2
834,1.0,75.0,4.87,109,https://www.airbnb.com/rooms/42987619,4,4,4
835,1.0,79.0,4.91,158,https://www.airbnb.com/rooms/14205010,2,2,2
839,1.0,57.0,4.94,171,https://www.airbnb.com/rooms/7920405,4,4,4
840,1.0,65.0,4.97,86,https://www.airbnb.com/rooms/50322208,2,2,2
844,1.0,66.0,4.88,136,https://www.airbnb.com/rooms/44699808,4,4,4
846,1.0,58.0,4.91,119,https://www.airbnb.com/rooms/39075282,2,2,2
849,1.0,55.0,4.92,95,https://www.airbnb.com/rooms/31733255,2,2,2
853,1.0,68.0,5.0,66,https://www.airbnb.com/rooms/28697264,2,2,2
854,1.0,62.0,4.75,158,https://www.airbnb.com/rooms/34945399,2,2,2
859,1.0,55.0,4.82,641,https://www.airbnb.com/rooms/22437203,2,2,2
861,1.0,66.0,4.88,571,https://www.airbnb.com/rooms/15485263,2,2,2
862,1.0,60.0,4.94,79,https://www.airbnb.com/rooms/30289593,2,2,2
863,1.0,74.0,4.94,88,https://www.airbnb.com/rooms/52993293,2,2,2
864,1.0,54.0,4.99,74,https://www.airbnb.com/rooms/54080040,1,1,1
865,1.0,68.0,4.84,166,https://www.airbnb.com/rooms/51649734,2,2,2
871,1.0,60.0,4.63,258,https://www.airbnb.com/rooms/44971588,2,2,2
874,1.0,82.0,4.98,162,https://www.airbnb.com/rooms/52070431,3,3,3
878,1.0,71.0,4.99,69,https://www.airbnb.com/rooms/51317244,2,2,2
880,1.0,55.0,4.91,399,https://www.airbnb.com/rooms/15617121,4,4,4
882,,85.0,4.94,235,https://www.airbnb.com/rooms/28279190,2,2,2
883,1.0,65.0,4.98,109,https://www.airbnb.com/rooms/26366238,2,2,2
884,1.0,62.0,4.97,148,https://www.airbnb.com/rooms/34415942,2,2,2
886,1.0,62.0,4.76,155,https://www.airbnb.com/rooms/18542387,2,2,2
888,,56.0,4.92,232,https://www.airbnb.com/rooms/50216525,6,6,6
890,,82.0,4.97,194,https://www.airbnb.com/rooms/28691936,2,2,2
894,1.0,76.0,4.82,627,https://www.airbnb.com/rooms/21716064,2,2,2
895,1.0,50.0,4.89,308,https://www.airbnb.com/rooms/16601475,2,2,2
897,1.0,69.0,4.81,885,https://www.airbnb.com/rooms/24605088,2,2,2
899,1.0,55.0,4.98,470,https://www.airbnb.com/rooms/14816824,2,2,2
901,1.0,59.0,4.76,246,https://www.airbnb.com/rooms/18542792,2,2,2
903,1.0,55.0,4.96,27,https://www.airbnb.com/rooms/52918917,2,2,2
909,1.0,95.0,4.95,60,https://www.airbnb.com/rooms/51916962,2,2,2
910,1.0,55.0,4.87,577,https://www.airbnb.com/rooms/1461374,2,2,2
912,,56.0,4.86,586,https://www.airbnb.com/rooms/687864,3,3,3
917,1.0,66.0,4.93,150,https://www.airbnb.com/rooms/48701103,2,2,2
923,,68.0,4.94,227,https://www.airbnb.com/rooms/46085195,2,2,2
925,2.0,250.0,4.82,77,https://www.airbnb.com/rooms/51405809,4,4,4
928,2.0,120.0,4.98,701,https://www.airbnb.com/rooms/17944509,6,6,6
930,1.0,110.0,4.93,184,https://www.airbnb.com/rooms/18328404,2,2,2
935,,94.0,5.0,4,https://www.airbnb.com/rooms/53981406,4,4,4
937,1.0,86.0,4.96,115,https://www.airbnb.com/rooms/48542462,2,2,2
945,2.0,122.0,4.93,136,https://www.airbnb.com/rooms/50155223,4,4,4
946,1.0,145.0,4.84,76,https://www.airbnb.com/rooms/17461743,4,4,4
950,3.0,148.0,4.98,41,https://www.airbnb.com/rooms/52652877,6,6,6
951,2.0,125.0,4.97,33,https://www.airbnb.com/rooms/51358700,4,4,4
953,,119.0,4.82,73,https://www.airbnb.com/rooms/35613575,4,4,4
960,1.0,97.0,4.79,86,https://www.airbnb.com/rooms/42309980,2,2,2
961,2.0,181.0,4.78,131,https://www.airbnb.com/rooms/46897936,4,4,4
962,3.0,50.0,4.75,150,https://www.airbnb.com/rooms/39060044,6,6,6
963,2.0,125.0,5.0,87,https://www.airbnb.com/rooms/23461825,4,4,4
964,,119.0,4.77,79,https://www.airbnb.com/rooms/35317403,4,4,4
965,,119.0,4.86,21,https://www.airbnb.com/rooms/35575552,4,4,4
971,2.0,115.0,4.93,260,https://www.airbnb.com/rooms/18302346,4,4,4
974,1.0,143.0,4.83,6,https://www.airbnb.com/rooms/44648617,2,2,2
982,2.0,96.0,4.94,185,https://www.airbnb.com/rooms/42690764,4,4,4
985,2.0,139.0,4.85,231,https://www.airbnb.com/rooms/13786714,4,4,4
988,2.0,95.0,4.73,238,https://www.airbnb.com/rooms/43092903,5,5,5
989,2.0,94.0,4.97,39,https://www.airbnb.com/rooms/43465645,4,4,4
993,1.0,222.0,4.98,80,https://www.airbnb.com/rooms/41873804,2,2,2
997,3.0,155.0,4.73,155,https://www.airbnb.com/rooms/50179678,7,7,7
1000,1.0,132.0,4.66,56,https://www.airbnb.com/rooms/32418714,4,4,4
1001,1.0,128.0,4.56,84,https://www.airbnb.com/rooms/9196197,6,6,6
1005,2.0,160.0,4.91,22,https://www.airbnb.com/rooms/53973611,4,4,4
1008,,97.0,4.78,79,https://www.airbnb.com/rooms/41296054,2,2,2
1012,2.0,141.0,4.98,40,https://www.airbnb.com/rooms/33397914,6,6,6
1013,3.0,133.0,4.66,371,https://www.airbnb.com/rooms/32851430,6,6,6
1014,1.0,92.0,4.94,167,https://www.airbnb.com/rooms/42827966,2,2,2
1021,1.0,150.0,4.98,50,https://www.airbnb.com/rooms/30127522,2,2,2
1023,2.0,140.0,4.84,207,https://www.airbnb.com/rooms/44392508,4,4,4
1025,2.0,108.0,4.9,139,https://www.airbnb.com/rooms/46450562,7,7,7
1028,1.0,111.0,4.94,95,https://www.airbnb.com/rooms/52296361,3,3,3
1032,2.0,86.0,4.83,176,https://www.airbnb.com/rooms/49734828,6,6,6
1033,3.0,92.0,4.78,122,https://www.airbnb.com/rooms/49526976,8,8,8
1036,2.0,109.0,4.86,7,https://www.airbnb.com/rooms/54287506,8,8,8
1040,2.0,111.0,4.85,66,https://www.airbnb.com/rooms/52430820,4,4,4
1046,1.0,120.0,4.92,98,https://www.airbnb.com/rooms/27196454,3,3,3
1053,3.0,121.0,4.7,70,https://www.airbnb.com/rooms/51163103,8,8,8
1057,1.0,110.0,4.98,40,https://www.airbnb.com/rooms/44087805,2,2,2
1061,1.0,115.0,4.89,35,https://www.airbnb.com/rooms/43767068,4,4,4
1062,1.0,95.0,4.83,131,https://www.airbnb.com/rooms/33074838,2,2,2
1064,1.0,85.0,4.29,229,https://www.airbnb.com/rooms/20855873,2,2,2
1067,2.0,127.0,4.87,279,https://www.airbnb.com/rooms/14645299,5,5,5
1069,1.0,113.0,4.86,22,https://www.airbnb.com/rooms/39967545,2,2,2
1071,2.0,124.0,4.91,11,https://www.airbnb.com/rooms/41583347,4,4,4
1072,1.0,115.0,4.88,189,https://www.airbnb.com/rooms/2858189,4,4,4
1073,1.0,86.0,4.88,198,https://www.airbnb.com/rooms/53306319,2,2,2
1074,1.0,51.0,4.74,292,https://www.airbnb.com/rooms/9093333,2,2,2
1076,1.0,106.0,4.97,118,https://www.airbnb.com/rooms/46878530,4,4,4
1083,1.0,135.0,5.0,4,https://www.airbnb.com/rooms/36481256,2,2,2
1084,2.0,125.0,4.67,33,https://www.airbnb.com/rooms/52372452,6,6,6
1092,1.0,92.0,4.93,203,https://www.airbnb.com/rooms/3895247,3,3,3
1099,1.0,140.0,5.0,10,https://www.airbnb.com/rooms/37905246,2,2,2
1100,2.0,118.0,4.78,64,https://www.airbnb.com/rooms/52655134,5,5,5
1102,1.0,160.0,4.86,115,https://www.airbnb.com/rooms/42618048,4,4,4
1109,1.0,148.0,4.65,26,https://www.airbnb.com/rooms/50410995,3,3,3
1110,2.0,109.0,4.93,274,https://www.airbnb.com/rooms/38424079,5,5,5
1111,1.0,96.0,4.83,146,https://www.airbnb.com/rooms/48332396,4,4,4
1115,1.0,129.0,4.38,16,https://www.airbnb.com/rooms/22752010,2,2,2
1117,1.0,110.0,4.92,184,https://www.airbnb.com/rooms/31875279,4,4,4
1119,2.0,158.0,4.99,90,https://www.airbnb.com/rooms/48778803,6,6,6
1124,,133.0,4.8,71,https://www.airbnb.com/rooms/7366707,2,2,2
1128,1.0,90.0,4.97,119,https://www.airbnb.com/rooms/47120841,2,2,2
1138,,133.0,4.84,131,https://www.airbnb.com/rooms/1020781,2,2,2
1139,1.0,100.0,4.9,84,https://www.airbnb.com/rooms/45687936,2,2,2
1140,1.0,131.0,4.82,267,https://www.airbnb.com/rooms/24916446,4,4,4
1141,2.0,129.0,4.96,112,https://www.airbnb.com/rooms/33558746,6,6,6
1143,1.0,82.0,4.88,328,https://www.airbnb.com/rooms/18914613,2,2,2
1146,1.0,125.0,5.0,53,https://www.airbnb.com/rooms/53716597,2,2,2
